name,smiles,group,formula,molecular_weight,rotatable_bonds,H_bond_donors,H_bond_acceptors,TPSA,logP,melting_point,boiling_point,heat_capacity,mw_bin,rb_bin
varox,CC(C)(C)OOC(C)(C)CCC(C)(C)OOC(C)(C)C,Thermo_Experimental,C16H34O4,290.444,9.0,0.0,4.0,36.92,4.82,8,51.11,560.83,260-350,8-11
isobutyl isobutyrate,CC(C)COC(=O)C(C)C,Thermo_Experimental,C8H16O2,144.214,4.0,0.0,2.0,26.3,1.84,-80.7,148,273.37,100-150,2-4
propargyl alcohol,C#CCO,Thermo_Experimental,C3H4O,56.064,0.0,1.0,1.0,20.23,-0.39,-50,113,90.97,<100,0-1
tert-octylamine,CC(C)(C)CC(C)(C)N,Thermo_Experimental,C8H19N,129.247,2.0,1.0,1.0,26.02,2.16,178.5,140.05,271.2,100-150,2-4
biphenyl,c1ccc(-c2ccccc2)cc1,Thermo_Experimental,C12H10,154.212,1.0,0.0,0.0,0,3.35,69.43,255.2,250.17,150-200,0-1
"1,3-dibutylurea",CCCCNC(=O)NCCCC,Thermo_Experimental,C9H20N2O,172.272,6.0,2.0,1.0,41.13,1.89,72,286.58,332.47,150-200,5-7
trans-stilbene,C(=C/c1ccccc1)\c1ccccc1,Thermo_Experimental,C14H12,180.25,2.0,0.0,0.0,0,3.86,123,307,294.72,150-200,2-4
2-heptanol,CCCCCC(C)O,Thermo_Experimental,C7H16O,116.204,4.0,1.0,1.0,20.23,1.95,80.5,159,237.99,100-150,2-4
"2,4-hexadienal",C/C=C/C=C/C=O,Thermo_Experimental,C6H8O,96.129,2.0,0.0,1.0,17.07,1.32,-16.5,174,166,<100,2-4
hexamethyldisilazane,C[Si](C)(C)N[Si](C)(C)C,Thermo_Experimental,C6H19NSi2,161.397,2.0,1.0,1.0,12.03,2.25,-78,125,298.73,150-200,2-4
2-chloroethyl acrylate,C=CC(=O)OCCCl,Thermo_Experimental,C5H7ClO2,134.562,4.0,0.0,2.0,26.3,0.95,-56.55,51.94,181.23,100-150,2-4
4-tert-butylcyclohexanone,CC(C)(C)C1CCC(=O)CC1,Thermo_Experimental,C10H18O,154.253,1.0,0.0,1.0,17.07,2.79,49,239.39,299.81,150-200,0-1
methyl tetradecanoate,CCCCCCCCCCCCCC(=O)OC,Thermo_Experimental,C15H30O2,242.403,13.0,0.0,2.0,26.3,4.86,18.5,295,499.1,200-260,12+
2-octanol,CCCCCCC(C)O,Thermo_Experimental,C8H18O,130.231,5.0,1.0,1.0,20.23,2.34,-31.8,178.5,267.25,100-150,5-7
propyltrimethoxysilane,CCC[Si](OC)(OC)OC,Thermo_Experimental,C6H16O3Si,164.277,5.0,0.0,3.0,27.69,1.27,0,142,286.41,150-200,5-7
dipentylamine,CCCCCNCCCCC,Thermo_Experimental,C10H23N,157.301,8.0,1.0,1.0,12.03,2.96,-43.89,204,329.7,150-200,8-11
2-methylaziridine,CC1CN1,Thermo_Experimental,C3H7N,57.096,0.0,1.0,1.0,21.94,-0.02,-65,67,112.55,<100,0-1
copper(i) iodide,[Cu]I,Thermo_Experimental,CuI,190.45,0.0,0.0,0.0,0,0.88,606,1290,28.77,150-200,0-1
methyl octanoate,CCCCCCCC(=O)OC,Thermo_Experimental,C9H18O2,158.241,7.0,0.0,2.0,26.3,2.52,-40,194.1,315.17,150-200,5-7
dimethoxydimethylsilane,CO[Si](C)(C)OC,Thermo_Experimental,C4H12O2Si,120.224,2.0,0.0,2.0,18.46,0.98,-80,82,209.4,100-150,2-4
decanal,CCCCCCCCCC=O,Thermo_Experimental,C10H20O,156.269,8.0,0.0,1.0,17.07,3.33,17.78,208.33,313.16,150-200,8-11
decanoic acid,CCCCCCCCCC(=O)O,Thermo_Experimental,C10H20O2,172.268,8.0,1.0,1.0,37.3,3.21,31,270,332.46,150-200,8-11
ethylene diacrylate,C=CC(=O)OCCOC(=O)C=C,Thermo_Experimental,C8H10O4,170.164,7.0,0.0,4.0,52.6,0.44,188.5,219.29,256.88,150-200,5-7
n-methyloctylamine,CCCCCCCCNC,Thermo_Experimental,C9H21N,143.274,7.0,1.0,1.0,12.03,2.57,-11,78.5,300.45,100-150,5-7
isopropanol,CC(C)O,Thermo_Experimental,C3H8O,60.096,0.0,1.0,1.0,20.23,0.39,-89.5,82.21,155.17,<100,0-1
tris(hydroxyethyl) isocyanurate,O=c1n(CCO)c(=O)n(CCO)c(=O)n1CCO,Thermo_Experimental,C9H15N3O6,261.234,6.0,3.0,6.0,126.69,-3.85,136,661.1,387.54,260-350,5-7
diisobutylamine,CC(C)CNCC(C)C,Thermo_Experimental,C8H19N,129.247,4.0,1.0,1.0,12.03,1.89,-75.25,139.6,271.2,100-150,2-4
caspan,C[Hg]Cl,Thermo_Experimental,CH3ClHg,251.078,0.0,0.0,0.0,0,1.27,167,170,84.46,200-260,0-1
"3-methyl-1,2-cyclohexanedione",CC1CCCC(=O)C1=O,Thermo_Experimental,C7H10O2,126.155,0.0,0.0,2.0,34.14,0.94,62,70.5,212.62,100-150,0-1
phosphoryl chloride,O=P(Cl)(Cl)Cl,Thermo_Experimental,Cl3OP,153.332,0.0,0.0,1.0,17.07,2.81,1.25,105.5,69.39,150-200,0-1
methyl 4-methylbenzoate,COC(=O)c1ccc(C)cc1,Thermo_Experimental,C9H10O2,150.177,2.0,0.0,2.0,26.3,1.78,34,217.22,242.63,150-200,2-4
citiolone,CC(=O)NC1CCSC1=O,Thermo_Experimental,C6H9NO2S,159.21,1.0,1.0,3.0,46.17,0.15,111,298.7,226.15,150-200,0-1
2-butanol,CCC(C)O,Thermo_Experimental,C4H10O,74.123,1.0,1.0,1.0,20.23,0.78,-115,99.4,196.77,<100,0-1
neopentyl glycol,CC(C)(CO)CO,Thermo_Experimental,C5H12O2,104.149,2.0,2.0,2.0,40.46,0.0,127,207,198.84,100-150,2-4
(3-mercaptopropyl)trimethoxysilane,CO[Si](CCCS)(OC)OC,Thermo_Experimental,C6H16O3SSi,196.344,6.0,1.0,4.0,27.69,1.18,-97.8,214,310.19,150-200,5-7
4-methoxy-4-oxobutanoic acid,COC(=O)CCC(=O)O,Thermo_Experimental,C5H8O4,132.115,4.0,1.0,3.0,63.6,0.02,57.75,244.58,198.73,100-150,2-4
2-butoxyethanol,CCCCOCCO,Thermo_Experimental,C6H14O2,118.176,5.0,1.0,2.0,29.46,0.8,-70,171,272.88,100-150,5-7
eptc,CCCN(CCC)C(=O)SCC,Thermo_Experimental,C9H19NOS,189.324,6.0,0.0,2.0,20.31,2.98,34.84,127.22,337.62,150-200,5-7
"1,1-dichloroacetone",CC(=O)C(Cl)Cl,Thermo_Experimental,C3H4Cl2O,126.97,1.0,0.0,1.0,17.07,1.38,-54.81,120,128.27,100-150,0-1
triethylene glycol monobutyl ether,CCCCOCCOCCOCCO,Thermo_Experimental,C10H22O4,206.282,11.0,1.0,4.0,47.92,0.83,-35.2,278,383.24,200-260,8-11
diethyl malonate,CCOC(=O)CC(=O)OCC,Thermo_Experimental,C7H12O4,160.169,6.0,0.0,4.0,52.6,0.5,-50,200,299.78,150-200,5-7
1-nonanol,CCCCCCCCCO,Thermo_Experimental,C9H20O,144.258,7.0,1.0,1.0,20.23,2.73,-5,213.7,340.52,100-150,5-7
dihexylamine,CCCCCCNCCCCCC,Thermo_Experimental,C12H27N,185.355,10.0,1.0,1.0,12.03,3.74,-5.05,236,388.19,150-200,8-11
bis(2-ethylhexyl) sebacate,CCCCC(CC)COC(=O)CCCCCCCCC(=O)OCC(CC)CCCC,Thermo_Experimental,C26H50O4,426.682,23.0,0.0,4.0,52.6,7.63,-48,248,827.99,>=350,12+
diethyl ethylphosphonate,CCOP(=O)(CC)OCC,Thermo_Experimental,C6H15O3P,166.157,5.0,0.0,3.0,35.53,2.27,197.78,82.5,279.84,150-200,5-7
hydrazine,NN,Thermo_Experimental,H4N2,32.046,0.0,2.0,2.0,52.04,-1.18,2,113.55,98.83,<100,0-1
methyl carbazate,COC(=O)NN,Thermo_Experimental,C2H6N2O2,90.082,1.0,2.0,3.0,64.35,-0.78,72,153.13,139.04,<100,0-1
fluoxetine,CNCCC(Oc1ccc(C(F)(F)F)cc1)c1ccccc1,Thermo_Experimental,C17H18F3NO,309.331,6.0,1.0,2.0,21.26,4.44,180.5,395.1,467.02,260-350,5-7
methional,CSCCC=O,Thermo_Experimental,C4H8OS,104.174,3.0,0.0,2.0,17.07,0.94,-58,62,161.84,100-150,2-4
pivaloyl chloride,CC(C)(C)C(=O)Cl,Thermo_Experimental,C5H9ClO,120.579,1.0,0.0,1.0,17.07,1.8,-57,40.83,185.58,100-150,0-1
2-ethylhexyl chloroformate,CCCCC(CC)COC(=O)Cl,Thermo_Experimental,C9H17ClO2,192.686,7.0,0.0,2.0,26.3,3.58,-24.71,207,324.59,150-200,5-7
"1,2,5,6,9,10-hexabromocyclododecane",BrC1CCC(Br)C(Br)CCC(Br)C(Br)CCC1Br,Thermo_Experimental,C12H18Br6,641.7,0.0,0.0,0.0,0,6.92,167,619.79,480.37,>=350,0-1
ethyl nonanoate,CCCCCCCCC(=O)OCC,Thermo_Experimental,C11H22O2,186.295,9.0,0.0,2.0,26.3,3.3,-44.5,119,361.94,150-200,8-11
octanenitrile,CCCCCCCC#N,Thermo_Experimental,C8H15N,125.215,5.0,0.0,1.0,23.79,2.87,-45.6,202,246.11,100-150,5-7
ethyl myristate,CCCCCCCCCCCCCC(=O)OCC,Thermo_Experimental,C16H32O2,256.43,14.0,0.0,2.0,26.3,5.25,12.15,179,508.96,200-260,12+
9-decen-1-ol,C=CCCCCCCCCO,Thermo_Experimental,C10H20O,156.269,8.0,1.0,1.0,20.23,2.9,-13,236,313.16,150-200,8-11
hexadecylamine,CCCCCCCCCCCCCCCCN,Thermo_Experimental,C16H35N,241.463,14.0,1.0,1.0,26.02,5.43,46.8,321,505.18,200-260,12+
lethane,CCCCOCCOCCSC#N,Thermo_Experimental,C9H17NO2S,203.307,9.0,0.0,4.0,42.25,2.03,61.89,122.5,337.79,200-260,8-11
n-methylethanolamine,CNCCO,Thermo_Experimental,C3H9NO,75.111,2.0,2.0,2.0,32.26,-0.8,-4.5,64.44,191.76,<100,2-4
tert-butyl ethyl ether,CCOC(C)(C)C,Thermo_Experimental,C6H14O,102.177,2.0,0.0,1.0,9.23,1.82,-94,72.7,220.27,100-150,2-4
methyl formate,COC=O,Thermo_Experimental,C2H4O2,60.052,1.0,0.0,2.0,26.3,-0.21,-100,31.6,92.69,<100,0-1
diisobutyl adipate,CC(C)COC(=O)CCCCC(=O)OCC(C)C,Thermo_Experimental,C14H26O4,258.358,11.0,0.0,4.0,52.6,2.95,-20,279,472.63,200-260,8-11
perchlorate,[O-][Cl+3]([O-])([O-])[O-],Thermo_Experimental,ClO4-,99.449,0.0,0.0,4.0,92.24,-4.76,262.5,-78.82,67.38,<100,0-1
ethylmethylnitrosamine,CCN(C)N=O,Thermo_Experimental,C3H8N2O,88.11,1.0,0.0,2.0,32.67,0.62,-97,163,154.02,<100,0-1
1-pentanol,CCCCCO,Thermo_Experimental,C5H12O,88.15,3.0,1.0,1.0,20.23,1.17,-78.45,137.6,208.27,<100,2-4
n-nitrosodipropylamine,CCCN(CCC)N=O,Thermo_Experimental,C6H14N2O,130.191,4.0,0.0,2.0,32.67,1.79,-98,206,243.72,100-150,2-4
tert-butyl acetoacetate,CC(=O)CC(=O)OC(C)(C)C,Thermo_Experimental,C8H14O3,158.197,4.0,0.0,3.0,43.37,1.31,-38,183.85,275.53,150-200,2-4
triethyl phosphonoacetate,CCOC(=O)CP(=O)(OCC)OCC,Thermo_Experimental,C8H17O5P,224.193,8.0,0.0,5.0,61.83,1.82,92.5,261,355.61,200-260,8-11
pentane,CCCCC,Thermo_Experimental,C5H12,72.151,2.0,0.0,0.0,0,2.2,-130,36.06,167.12,<100,2-4
"1,8-diazabicyclo[5.4.0]undec-7-ene",C1CCC2=NCCCN2CC1,Thermo_Experimental,C9H16N2,152.241,0.0,0.0,2.0,15.6,1.66,-70,242.55,285.69,150-200,0-1
n-methyldiethanolamine,CN(CCO)CCO,Thermo_Experimental,C5H13NO2,119.164,4.0,2.0,3.0,43.7,-1.1,-21,245,267.41,100-150,2-4
methylcyclopentane,CC1CCCC1,Thermo_Experimental,C6H12,84.162,0.0,0.0,0.0,0,2.2,-142.5,71.8,175.48,<100,0-1
"n,n'-methylenebisacrylamide",C=CC(=O)NCNC(=O)C=C,Thermo_Experimental,C7H10N2O2,154.169,4.0,2.0,2.0,58.2,-0.45,185,288.05,241.88,150-200,2-4
1-butanethiol,CCCCS,Thermo_Experimental,C4H10S,90.191,2.0,1.0,1.0,0,1.72,-116,109.61,162.49,<100,2-4
dichlormid,C=CCN(CC=C)C(=O)C(Cl)Cl,Thermo_Experimental,C8H11Cl2NO,208.088,5.0,0.0,1.0,20.31,1.99,5.5,130,278.38,200-260,5-7
1-hexadecanol,CCCCCCCCCCCCCCCCO,Thermo_Experimental,C16H34O,242.447,14.0,1.0,1.0,20.23,5.46,49.5,334,577.53,200-260,12+
"1,4-dithiane",C1CSCCS1,Thermo_Experimental,C4H8S2,120.242,0.0,0.0,2.0,0,1.47,111.65,115.6,167.57,100-150,0-1
octamethyltrisiloxane,C[Si](C)(C)O[Si](C)(C)O[Si](C)(C)C,Thermo_Experimental,C8H24O2Si3,236.536,4.0,0.0,2.0,18.46,3.39,-80,152.48,421.72,200-260,2-4
di(trimethylolpropane),CCC(CO)(CO)COCC(CC)(CO)CO,Thermo_Experimental,C12H26O5,250.335,10.0,4.0,5.0,90.15,-0.24,109.5,215,460.45,200-260,8-11
butanediol dimethacrylate,C=C(C)C(=O)OCCCCOC(=O)C(=C)C,Thermo_Experimental,C12H18O4,226.272,9.0,0.0,4.0,52.6,2.01,226.28,110,380.74,200-260,8-11
"n,n-diethyldodecanamide",CCCCCCCCCCCC(=O)N(CC)CC,Thermo_Experimental,C16H33NO,255.446,12.0,0.0,1.0,20.31,4.78,4,358.84,513.72,200-260,12+
2212-32-0,CN(C)CCN(C)CCO,Thermo_Experimental,C7H18N2O,146.234,5.0,1.0,3.0,26.71,-0.53,21.26,207.05,287.26,100-150,5-7
triethyl phosphate,CCOP(=O)(OCC)OCC,Thermo_Experimental,C6H15O4P,182.156,6.0,0.0,4.0,44.76,2.2,-56.2,216,295.61,150-200,5-7
"3-acetyl-6-methyl-2h-pyran-2,4(3h)-dione",CC(=O)C1C(=O)C=C(C)OC1=O,Thermo_Experimental,C8H8O4,168.148,1.0,0.0,4.0,60.44,0.22,109,270,238.24,150-200,0-1
phorate,CCOP(=S)(OCC)SCSCC,Thermo_Experimental,C7H17O2PS3,260.386,8.0,0.0,5.0,18.46,3.73,-42.78,126.11,359.9,260-350,8-11
1-ethoxy-2-propanol,CCOCC(C)O,Thermo_Experimental,C5H12O2,104.149,3.0,1.0,2.0,29.46,0.4,-100,131,198.84,100-150,2-4
"n,n-dimethyl-1,3-propanediamine",CN(C)CCCN,Thermo_Experimental,C5H14N2,102.181,3.0,1.0,2.0,29.26,-0.1,-70,122.78,208.72,100-150,2-4
1-methyl-2-pyrrolidinone,CN1CCCC1=O,Thermo_Experimental,C5H9NO,99.133,0.0,0.0,1.0,20.31,0.24,-24,204.2,175.11,<100,0-1
2-(diisopropylamino)ethanol,CC(C)N(CCO)C(C)C,Thermo_Experimental,C8H19NO,145.246,4.0,1.0,2.0,23.47,1.1,-39,195,344.57,100-150,2-4
methyl ethyl ketoxime,CCC(C)=NO,Thermo_Experimental,C4H9NO,87.122,1.0,1.0,2.0,32.59,1.25,-29.5,151.5,160.48,<100,0-1
3-pentanone,CCC(=O)CC,Thermo_Experimental,C5H10O,86.134,2.0,0.0,1.0,17.07,1.38,-42.22,101.9,166.23,<100,2-4
3-methylhexane,CCCC(C)CC,Thermo_Experimental,C7H16,100.205,3.0,0.0,0.0,0,2.83,-119,91,216.02,100-150,2-4
2-propoxyethanol,CCCOCCO,Thermo_Experimental,C5H12O2,104.149,4.0,1.0,2.0,29.46,0.41,-75,152,198.84,100-150,2-4
methyl 3-mercaptopropionate,COC(=O)CCS,Thermo_Experimental,C4H8O2S,120.173,3.0,1.0,3.0,26.3,0.48,38,166,176.67,100-150,2-4
methyl 2-nonynoate,CCCCCCC#CC(=O)OC,Thermo_Experimental,C10H16O2,168.236,5.0,0.0,2.0,26.3,2.13,77.74,121.5,303.23,150-200,5-7
hexyl octanoate,CCCCCCCC(=O)OCCCCCC,Thermo_Experimental,C14H28O2,228.376,12.0,0.0,2.0,26.3,4.47,-30.6,277,450.21,200-260,12+
sorbic alcohol,C/C=C/C=C/CO,Thermo_Experimental,C6H10O,98.145,2.0,1.0,1.0,20.23,1.11,31,164.23,181.48,<100,2-4
1-bromotridecane,CCCCCCCCCCCCCBr,Thermo_Experimental,C13H27Br,263.263,11.0,0.0,0.0,0,5.69,6.2,292,454.01,260-350,8-11
pentyl valerate,CCCCCOC(=O)CCCC,Thermo_Experimental,C10H20O2,172.268,8.0,0.0,2.0,26.3,2.91,-78.8,204,332.46,150-200,8-11
nonanoyl chloride,CCCCCCCCC(=O)Cl,Thermo_Experimental,C9H17ClO,176.687,7.0,0.0,1.0,17.07,3.5,-60.75,218,308.31,150-200,5-7
n-methylpyrrolidine,CN1CCCC1,Thermo_Experimental,C5H11N,85.15,0.0,0.0,1.0,3.24,0.71,-90,206.1,171.24,<100,0-1
"2,4-hexadienyl isobutyrate",CC=CC=CCOC(=O)C(C)C,Thermo_Experimental,C10H16O2,168.236,5.0,0.0,2.0,26.3,2.32,-53.52,221.35,303.23,150-200,5-7
icaridin,CCC(C)OC(=O)N1CCCCC1CCO,Thermo_Experimental,C12H23NO3,229.32,5.0,1.0,3.0,49.77,2.16,-170,296,419.13,200-260,5-7
gamma-nonalactone,CCCCCC1CCC(=O)O1,Thermo_Experimental,C9H16O2,156.225,4.0,0.0,2.0,26.3,2.27,-21.69,134,288.47,150-200,2-4
tert-butylamine,CC(C)(C)N,Thermo_Experimental,C4H11N,73.139,0.0,1.0,1.0,26.02,0.74,-67.5,44.02,154.2,<100,0-1
10-undecenal,C=CCCCCCCCCC=O,Thermo_Experimental,C11H20O,168.28,9.0,0.0,1.0,17.07,3.49,-19.18,99,329.25,150-200,8-11
dichlorvos,COP(=O)(OC)OC=C(Cl)Cl,Thermo_Experimental,C4H7Cl2O4P,220.976,4.0,0.0,4.0,44.76,2.68,83.89,140,229.79,200-260,2-4
"n,n-dimethylisopropylamine",CC(C)N(C)C,Thermo_Experimental,C5H13N,87.166,1.0,0.0,1.0,3.24,0.96,-109.57,66,183.45,<100,0-1
"n,n-dimethyldipropylenetriamine",CN(C)CCCNCCCN,Thermo_Experimental,C8H21N3,159.277,7.0,2.0,3.0,41.29,-0.12,75.16,244.63,321.42,150-200,5-7
dimethyl sulfate,COS(=O)(=O)OC,Thermo_Experimental,C2H6O4S,126.133,2.0,0.0,4.0,52.6,-0.48,-29.5,186,159.56,100-150,2-4
dimethylamine,CNC,Thermo_Experimental,C2H7N,45.085,0.0,1.0,1.0,12.03,-0.16,-92,7.3,95.68,<100,0-1
2-ethylhexyl stearate,CCCCCCCCCCCCCCCCCC(=O)OCC(CC)CCCC,Thermo_Experimental,C26H52O2,396.7,23.0,0.0,2.0,26.3,9.01,136.96,579.11,802.16,>=350,12+
isocetyl stearate,CCCCCCCCCCCCCCCCCC(=O)OCCCCCCCCCCCCCC(C)C,Thermo_Experimental,C34H68O2,508.916,31.0,0.0,2.0,26.3,12.13,227.12,762.15,1036.43,>=350,12+
oxazolidine e,CCC12COCN1COC2,Thermo_Experimental,C7H13NO2,143.186,1.0,0.0,3.0,21.7,0.41,41.61,175.61,252.13,100-150,0-1
butoctamide semisuccinate,CCCCC(CC)CNC(=O)CC(C)OC(=O)CCC(=O)O,Thermo_Experimental,C16H29NO5,315.41,13.0,2.0,4.0,92.7,2.51,46.5,599.42,557.83,260-350,12+
trans-cinnamaldehyde,O=C/C=C/c1ccccc1,Thermo_Experimental,C9H8O,132.162,2.0,0.0,1.0,17.07,1.9,-7.5,253,207.34,100-150,2-4
"dimethyl 3,3'-thiodipropionate",COC(=O)CCSCCC(=O)OC,Thermo_Experimental,C8H14O4S,206.263,8.0,0.0,5.0,52.6,0.85,25.83,294.71,314.26,200-260,8-11
3-chloropivaloyl chloride,CC(C)(CCl)C(=O)Cl,Thermo_Experimental,C5H8Cl2O,155.024,2.0,0.0,1.0,17.07,2.02,-14.85,111,196.32,150-200,2-4
gamma-heptalactone,CCCC1CCC(=O)O1,Thermo_Experimental,C7H12O2,128.171,2.0,0.0,2.0,26.3,1.49,-44.23,151.57,228.66,100-150,2-4
gamma-valerolactone,CC1CCC(=O)O1,Thermo_Experimental,C5H8O2,100.117,0.0,0.0,2.0,26.3,0.71,-31,207.55,168.12,100-150,0-1
4-methyl-2-pentanol,CC(C)CC(C)O,Thermo_Experimental,C6H14O,102.177,2.0,1.0,1.0,20.23,1.41,-90,132,208.72,100-150,2-4
propylene carbonate,CC1COC(=O)O1,Thermo_Experimental,C4H6O3,102.089,0.0,0.0,3.0,35.53,0.54,-49,241.6,166.73,100-150,0-1
triisobutyl phosphate,CC(C)COP(=O)(OCC(C)C)OCC(C)C,Thermo_Experimental,C12H27O4P,266.318,9.0,0.0,4.0,44.76,4.11,-60,264,477.73,260-350,8-11
hydroxypivalyl hydroxypivalate,CC(C)(CO)COC(=O)C(C)(C)CO,Thermo_Experimental,C10H20O4,204.266,6.0,2.0,4.0,66.76,0.57,126,391.37,368.2,200-260,5-7
heptamethyleneimine,C1CCCNCCC1,Thermo_Experimental,C7H15N,113.204,0.0,1.0,1.0,12.03,1.54,29,174.5,229.83,100-150,0-1
bis(2-ethylhexyl) maleate,CCCCC(CC)COC(=O)/C=C\C(=O)OCC(CC)CCCC,Thermo_Experimental,C20H36O4,340.504,16.0,0.0,4.0,52.6,5.06,-60,164,636.42,260-350,12+
allylacetic acid,C=CCCC(=O)O,Thermo_Experimental,C5H8O2,100.117,3.0,1.0,1.0,37.3,1.04,-22.25,188.5,168.12,100-150,2-4
methyl isocyanate,CN=C=O,Thermo_Experimental,C2H3NO,57.052,0.0,0.0,2.0,29.43,-0.05,-80,38.3,82.78,<100,0-1
"n,n'-diethylthiourea",CCNC(=S)NCC,Thermo_Experimental,C5H12N2S,132.232,2.0,2.0,1.0,24.06,0.49,143.89,287,223.51,100-150,2-4
diethyl maleate,CCOC(=O)/C=C\C(=O)OCC,Thermo_Experimental,C8H12O4,172.18,6.0,0.0,4.0,52.6,0.67,1.5,218,274.7,150-200,5-7
2-methyl-2-propanethiol,CC(C)(C)S,Thermo_Experimental,C4H10S,90.191,0.0,1.0,1.0,0,1.71,-35.56,64.2,162.49,<100,0-1
oleic acid,CCCCCCCC/C=C\CCCCCCCC(=O)O,Thermo_Experimental,C18H34O2,282.468,15.0,1.0,1.0,37.3,6.11,14,286.11,548.92,260-350,12+
1-(1-butoxy-2-propoxy)-2-propanol,CCCCOCC(C)OCC(C)O,Thermo_Experimental,C10H22O3,190.283,8.0,1.0,3.0,38.69,1.59,4.59,291.39,365.08,150-200,8-11
"trans-1,2-dichloroethylene",Cl/C=C/Cl,Thermo_Experimental,C2H2Cl2,96.944,0.0,0.0,0.0,0,1.94,-49.8,47.64,79.27,<100,0-1
"cis-1,2-dichloroethene",Cl/C=C\Cl,Thermo_Experimental,C2H2Cl2,96.944,0.0,0.0,0.0,0,1.94,-80,60,79.27,<100,0-1
trimethoxymethane,COC(OC)OC,Thermo_Experimental,C4H10O3,106.121,3.0,0.0,3.0,27.69,0.21,-19,100,186.52,100-150,2-4
citronellyl butyrate,CCCC(=O)OCCC(C)CCC=C(C)C,Thermo_Experimental,C14H26O2,226.36,9.0,0.0,2.0,26.3,4.1,-17.32,245,436.56,200-260,8-11
1-(4-fluorophenyl)-4-oxocyclohexanecarbonitrile,N#CC1(c2ccc(F)cc2)CCC(=O)CC1,Thermo_Experimental,C13H12FNO,217.243,1.0,0.0,2.0,40.86,2.73,82,444.51,327.19,200-260,0-1
"butanoic acid, 2-butoxy-1-methyl-2-oxoethyl ester",CCCCOC(=O)C(C)OC(=O)CCC,Thermo_Experimental,C11H20O4,216.277,9.0,0.0,4.0,52.6,2.06,10.24,294.13,382.71,200-260,8-11
n-vinyl-2-pyrrolidone,C=CN1CCCC1=O,Thermo_Experimental,C6H9NO,111.144,1.0,0.0,1.0,20.31,0.75,13.5,96,195.19,100-150,0-1
cyclododecane,C1CCCCCCCCCCC1,Thermo_Experimental,C12H24,168.324,0.0,0.0,0.0,0,4.68,60.7,244,326.09,150-200,0-1
isoamyl nitrite,CC(C)CCON=O,Thermo_Experimental,C5H11NO2,117.148,3.0,0.0,3.0,38.66,1.73,-80,99,207.6,100-150,2-4
1-bromotetradecane,CCCCCCCCCCCCCCBr,Thermo_Experimental,C14H29Br,277.29,12.0,0.0,0.0,0,6.08,5.3,307,484.28,260-350,12+
molybdenum trioxide,O=[Mo](=O)=O,Thermo_Experimental,MoO3,143.937,0.0,0.0,3.0,51.21,-0.36,795,1155,126.95,100-150,0-1
bis(2-ethylhexyl) hydrogen phosphate,CCCCC(CC)COP(=O)(O)OCC(CC)CCCC,Thermo_Experimental,C16H35O4P,322.426,14.0,1.0,3.0,55.76,5.55,-60,155,597.22,260-350,12+
dibutyl adipate,CCCCOC(=O)CCCCC(=O)OCCCC,Thermo_Experimental,C14H26O4,258.358,13.0,0.0,4.0,52.6,3.23,-32.4,305.05,456.49,200-260,12+
"2,4-dimethylphenol",Cc1ccc(O)c(C)c1,Thermo_Experimental,C8H10O,122.167,0.0,1.0,1.0,20.23,2.01,24.5,210.94,210.49,100-150,0-1
chromium(iii) oxide,O=[Cr]O[Cr]=O,Thermo_Experimental,Cr2O3,151.989,0.0,0.0,3.0,43.37,-0.31,2432,3000,156.9,150-200,0-1
lactide,CC1OC(=O)C(C)OC1=O,Thermo_Experimental,C6H8O4,144.126,0.0,0.0,4.0,52.6,-0.14,120.75,177.97,211.97,100-150,0-1
triglyme,COCCOCCOCCOC,Thermo_Experimental,C8H18O4,178.228,9.0,0.0,4.0,36.92,0.31,-45,218,368.04,150-200,8-11
sulfonethylmethane,CCC(C)(S(=O)(=O)CC)S(=O)(=O)CC,Thermo_Experimental,C8H18O4S2,242.362,5.0,0.0,4.0,68.28,0.98,76,305.77,371.63,200-260,5-7
palmitoylethanolamide,CCCCCCCCCCCCCCCC(=O)NCCO,Thermo_Experimental,C18H37NO2,299.499,16.0,2.0,2.0,49.33,4.58,98.5,534.51,592.15,260-350,12+
delta-undecalactone,CCCCCCC1CCCC(=O)O1,Thermo_Experimental,C11H20O2,184.279,5.0,0.0,2.0,26.3,3.05,-2.67,153.5,347.88,150-200,5-7
piperazine,C1CNCCN1,Thermo_Experimental,C4H10N2,86.138,0.0,2.0,2.0,24.06,-0.82,106,148.63,168.82,<100,0-1
methyl 2-octynoate,CCCCCC#CC(=O)OC,Thermo_Experimental,C9H14O2,154.209,4.0,0.0,2.0,26.3,1.74,66.47,217,273.2,150-200,2-4
sorbic acid,C/C=C/C=C/C(=O)O,Thermo_Experimental,C6H8O2,112.128,2.0,1.0,1.0,37.3,1.2,134,227.78,181.93,100-150,2-4
dimethyltin dichloride,C[Sn](C)(Cl)Cl,Thermo_Experimental,C2H6Cl2Sn,219.687,0.0,0.0,0.0,0,2.17,106.5,189,148.29,200-260,0-1
2-ethylhexanoyl chloride,CCCCC(CC)C(=O)Cl,Thermo_Experimental,C8H15ClO,162.66,5.0,0.0,1.0,17.07,2.97,67.5,200.35,278,150-200,5-7
ethyl 3-ethoxypropionate,CCOCCC(=O)OCC,Thermo_Experimental,C7H14O3,146.186,6.0,0.0,3.0,35.53,0.98,-100,168,261.15,100-150,5-7
pivalic acid,CC(C)(C)C(=O)O,Thermo_Experimental,C5H10O2,102.133,1.0,1.0,1.0,37.3,1.12,35.5,164.2,194.55,100-150,0-1
2-methyl-2-nitropropan-1-ol,CC(C)(CO)[N+](=O)[O-],Thermo_Experimental,C4H9NO3,119.12,1.0,1.0,3.0,63.37,0.03,89.5,94,193.29,100-150,0-1
1-dodecanethiol,CCCCCCCCCCCCS,Thermo_Experimental,C12H26S,202.407,10.0,1.0,1.0,0,4.84,-7.5,277,399.03,200-260,8-11
cremophor a,CCCCCCCCCCCCCCCCCC(=O)OCCO,Thermo_Experimental,C20H40O3,328.537,19.0,1.0,3.0,46.53,5.78,32,534.45,645.92,260-350,12+
octane,CCCCCCCC,Thermo_Experimental,C8H18,114.232,5.0,0.0,0.0,0,3.37,-56.85,125.64,254.46,100-150,5-7
methyl laurate,CCCCCCCCCCCC(=O)OC,Thermo_Experimental,C13H26O2,214.349,11.0,0.0,2.0,26.3,4.08,5.1,268,437.48,200-260,8-11
1-iodohexadecane,CCCCCCCCCCCCCCCCI,Thermo_Experimental,C16H33I,352.344,14.0,0.0,0.0,0,6.9,22,357,569.43,>=350,12+
5-nitroindazole,O=[N+]([O-])c1ccc2[nH]ncc2c1,Thermo_Experimental,C7H5N3O2,163.136,0.0,1.0,3.0,71.82,1.47,208,387.91,208.21,150-200,0-1
"3,3-dimethylpentane",CCC(C)(C)CC,Thermo_Experimental,C7H16,100.205,2.0,0.0,0.0,0,2.83,-134.9,86,216.02,100-150,2-4
"1,5-hexadiene",C=CCCC=C,Thermo_Experimental,C6H10,82.146,3.0,0.0,0.0,0,2.14,-141,59.2,162.94,<100,2-4
"2,2,4-trimethylpentane",CC(C)CC(C)(C)C,Thermo_Experimental,C8H18,114.232,2.0,0.0,0.0,0,3.08,-107,99.21,238.9,100-150,2-4
2-methylbutyl isovalerate,CCC(C)COC(=O)CC(C)C,Thermo_Experimental,C10H20O2,172.268,6.0,0.0,2.0,26.3,2.62,-58.36,193,332.46,150-200,5-7
hydroxylamine,NO,Thermo_Experimental,H3NO,33.03,0.0,2.0,2.0,46.25,-0.67,33,58,55.86,<100,0-1
butyltin trichloride,CCCC[Sn](Cl)(Cl)Cl,Thermo_Experimental,C4H9Cl3Sn,282.186,2.0,0.0,0.0,0,3.44,-63,102,225.24,260-350,2-4
1-propoxy-2-propanol,CCCOCC(C)O,Thermo_Experimental,C6H14O2,118.176,4.0,1.0,2.0,29.46,0.79,-80,150.2,228.37,100-150,2-4
2-butyl-1-octanol,CCCCCCC(CO)CCCC,Thermo_Experimental,C12H26O,186.339,9.0,1.0,1.0,20.23,3.76,-2.33,147,384.27,150-200,8-11
dibutyl nonanedioate,CCCCOC(=O)CCCCCCCC(=O)OCCCC,Thermo_Experimental,C17H32O4,300.439,16.0,0.0,4.0,52.6,4.4,92.86,336,561.93,260-350,12+
allyl bromide,C=CCBr,Thermo_Experimental,C3H5Br,120.977,1.0,0.0,0.0,0,1.57,-119,70.1,116.34,100-150,0-1
neodymium chloride,Cl[Nd](Cl)Cl,Thermo_Experimental,Cl3Nd,250.599,0.0,0.0,0.0,0,2.07,759,1600,57.03,200-260,0-1
diisooctyl adipate,CC(C)CCCCCOC(=O)CCCCC(=O)OCCCCCC(C)C,Thermo_Experimental,C22H42O4,370.574,19.0,0.0,4.0,52.6,6.07,-70,212.5,709.98,>=350,12+
copper(ii) dimethyldithiocarbamate,CN(C)C(=S)[S-].CN(C)C(=S)[S-].[Cu+2],Thermo_Experimental,C6H12CuN2S4,303.99,0.0,0.0,4.0,6.48,0.76,260,415.51,318.7,260-350,0-1
pentanal,CCCCC=O,Thermo_Experimental,C5H10O,86.134,3.0,0.0,1.0,17.07,1.38,-91.5,103,166.23,<100,2-4
octamylamine,CC(C)CCCC(C)NCCC(C)C,Thermo_Experimental,C13H29N,199.382,8.0,1.0,1.0,12.03,3.84,-29.22,100.5,417.44,150-200,8-11
methyl cyanoacetate,COC(=O)CC#N,Thermo_Experimental,C4H5NO2,99.089,2.0,0.0,3.0,50.09,0.07,-22.5,203,142.35,<100,2-4
isononanamine,CC(C)CCCCCCN,Thermo_Experimental,C9H21N,143.274,6.0,1.0,1.0,26.02,2.55,-13.7,204.46,300.45,100-150,5-7
diptocarpamidine,CC(C)NC(=O)NC(C)C,Thermo_Experimental,C7H16N2O,144.218,2.0,2.0,1.0,41.13,1.1,192,239.94,273.37,100-150,2-4
2-ethylhexyl cyanoacetate,CCCCC(CC)COC(=O)CC#N,Thermo_Experimental,C11H19NO2,197.278,8.0,0.0,3.0,50.09,2.66,32.9,337.99,356.75,150-200,8-11
tributylamine,CCCCN(CCCC)CCCC,Thermo_Experimental,C12H27N,185.355,9.0,0.0,1.0,3.24,3.69,-70,212.78,388.19,150-200,8-11
tetraethyl orthosilicate,CCO[Si](OCC)(OCC)OCC,Thermo_Experimental,C8H20O4Si,208.33,8.0,0.0,4.0,36.92,1.57,-85,168,363.42,200-260,8-11
"1,2-epoxytetradecane",CCCCCCCCCCCCC1CO1,Thermo_Experimental,C14H28O,212.377,11.0,0.0,1.0,12.53,4.7,20,95.56,430.37,200-260,8-11
butadiene monoxide,C=CC1CO1,Thermo_Experimental,C4H6O,70.091,1.0,0.0,1.0,12.53,0.57,-135,68,121.51,<100,0-1
"1,3-dimethylbutylamine",CC(C)CC(C)N,Thermo_Experimental,C6H15N,101.193,2.0,1.0,1.0,26.02,1.38,155.5,108.81,212.7,100-150,2-4
2-(octylthio)ethanol,CCCCCCCCSCCO,Thermo_Experimental,C10H22OS,190.352,9.0,1.0,2.0,20.23,3.07,0,98,358.77,150-200,8-11
ethyl caproate,CCCCCC(=O)OCC,Thermo_Experimental,C8H16O2,144.214,6.0,0.0,2.0,26.3,2.13,-67,165,273.37,100-150,5-7
dodecylamine,CCCCCCCCCCCCN,Thermo_Experimental,C12H27N,185.355,10.0,1.0,1.0,26.02,3.87,29,259,388.19,150-200,8-11
tributyl phosphate,CCCCOP(=O)(OCCCC)OCCCC,Thermo_Experimental,C12H27O4P,266.318,12.0,0.0,4.0,44.76,4.54,-80,289,379.38,260-350,12+
diallyl disulfide,C=CCSSCC=C,Thermo_Experimental,C6H10S2,146.28,5.0,0.0,2.0,0,2.74,-50.49,79,212.73,100-150,5-7
"2,6-dimethyl-2-heptanol",CC(C)CCCC(C)(C)O,Thermo_Experimental,C9H20O,144.258,4.0,1.0,1.0,20.23,2.58,-10,170,296.51,100-150,2-4
1-vinylazepan-2-one,C=CN1CCCCCC1=O,Thermo_Experimental,C8H13NO,139.198,1.0,0.0,1.0,20.31,1.53,34,210.65,249.71,100-150,0-1
