name,smiles,group,formula,molecular_weight,rotatable_bonds,heat_capacity,canonical_smiles
varox,CC(C)(C)OOC(C)(C)CCC(C)(C)OOC(C)(C)C,Thermo_Experimental,C16H34O4,290.444,9,560.83,CC(C)(C)OOC(C)(C)CCC(C)(C)OOC(C)(C)C
isobutyl isobutyrate,CC(C)COC(=O)C(C)C,Thermo_Experimental,C8H16O2,144.214,4,273.37,CC(C)COC(=O)C(C)C
propargyl alcohol,C#CCO,Thermo_Experimental,C3H4O,56.064,0,90.97,C#CCO
tert-octylamine,CC(C)(C)CC(C)(C)N,Thermo_Experimental,C8H19N,129.247,2,271.2,CC(C)(C)CC(C)(C)N
biphenyl,c1ccc(-c2ccccc2)cc1,Thermo_Experimental,C12H10,154.212,1,250.17,c1ccc(-c2ccccc2)cc1
"1,3-dibutylurea",CCCCNC(=O)NCCCC,Thermo_Experimental,C9H20N2O,172.272,6,332.47,CCCCNC(=O)NCCCC
trans-stilbene,C(=C/c1ccccc1)\c1ccccc1,Thermo_Experimental,C14H12,180.25,2,294.72,C(=C/c1ccccc1)\c1ccccc1
2-heptanol,CCCCCC(C)O,Thermo_Experimental,C7H16O,116.204,4,237.99,CCCCCC(C)O
"2,4-hexadienal",C/C=C/C=C/C=O,Thermo_Experimental,C6H8O,96.129,2,166.0,C/C=C/C=C/C=O
hexamethyldisilazane,C[Si](C)(C)N[Si](C)(C)C,Thermo_Experimental,C6H19NSi2,161.397,2,298.73,C[Si](C)(C)N[Si](C)(C)C
2-chloroethyl acrylate,C=CC(=O)OCCCl,Thermo_Experimental,C5H7ClO2,134.562,4,181.23,C=CC(=O)OCCCl
4-tert-butylcyclohexanone,CC(C)(C)C1CCC(=O)CC1,Thermo_Experimental,C10H18O,154.253,1,299.81,CC(C)(C)C1CCC(=O)CC1
methyl tetradecanoate,CCCCCCCCCCCCCC(=O)OC,Thermo_Experimental,C15H30O2,242.403,13,499.1,CCCCCCCCCCCCCC(=O)OC
2-octanol,CCCCCCC(C)O,Thermo_Experimental,C8H18O,130.231,5,267.25,CCCCCCC(C)O
propyltrimethoxysilane,CCC[Si](OC)(OC)OC,Thermo_Experimental,C6H16O3Si,164.277,5,286.41,CCC[Si](OC)(OC)OC
dipentylamine,CCCCCNCCCCC,Thermo_Experimental,C10H23N,157.301,8,329.7,CCCCCNCCCCC
2-methylaziridine,CC1CN1,Thermo_Experimental,C3H7N,57.096,0,112.55,CC1CN1
copper(i) iodide,[Cu]I,Thermo_Experimental,CuI,190.45,0,28.77,[Cu][I]
methyl octanoate,CCCCCCCC(=O)OC,Thermo_Experimental,C9H18O2,158.241,7,315.17,CCCCCCCC(=O)OC
dimethoxydimethylsilane,CO[Si](C)(C)OC,Thermo_Experimental,C4H12O2Si,120.224,2,209.4,CO[Si](C)(C)OC
decanal,CCCCCCCCCC=O,Thermo_Experimental,C10H20O,156.269,8,313.16,CCCCCCCCCC=O
decanoic acid,CCCCCCCCCC(=O)O,Thermo_Experimental,C10H20O2,172.268,8,332.46,CCCCCCCCCC(=O)O
ethylene diacrylate,C=CC(=O)OCCOC(=O)C=C,Thermo_Experimental,C8H10O4,170.164,7,256.88,C=CC(=O)OCCOC(=O)C=C
n-methyloctylamine,CCCCCCCCNC,Thermo_Experimental,C9H21N,143.274,7,300.45,CCCCCCCCNC
isopropanol,CC(C)O,Thermo_Experimental,C3H8O,60.096,0,155.17,CC(C)O
tris(hydroxyethyl) isocyanurate,O=c1n(CCO)c(=O)n(CCO)c(=O)n1CCO,Thermo_Experimental,C9H15N3O6,261.234,6,387.54,O=c1n(CCO)c(=O)n(CCO)c(=O)n1CCO
diisobutylamine,CC(C)CNCC(C)C,Thermo_Experimental,C8H19N,129.247,4,271.2,CC(C)CNCC(C)C
caspan,C[Hg]Cl,Thermo_Experimental,CH3ClHg,251.078,0,84.46,[CH3][Hg][Cl]
"3-methyl-1,2-cyclohexanedione",CC1CCCC(=O)C1=O,Thermo_Experimental,C7H10O2,126.155,0,212.62,CC1CCCC(=O)C1=O
phosphoryl chloride,O=P(Cl)(Cl)Cl,Thermo_Experimental,Cl3OP,153.332,0,69.39,O=P(Cl)(Cl)Cl
methyl 4-methylbenzoate,COC(=O)c1ccc(C)cc1,Thermo_Experimental,C9H10O2,150.177,2,242.63,COC(=O)c1ccc(C)cc1
citiolone,CC(=O)NC1CCSC1=O,Thermo_Experimental,C6H9NO2S,159.21,1,226.15,CC(=O)NC1CCSC1=O
2-butanol,CCC(C)O,Thermo_Experimental,C4H10O,74.123,1,196.77,CCC(C)O
neopentyl glycol,CC(C)(CO)CO,Thermo_Experimental,C5H12O2,104.149,2,198.84,CC(C)(CO)CO
(3-mercaptopropyl)trimethoxysilane,CO[Si](CCCS)(OC)OC,Thermo_Experimental,C6H16O3SSi,196.344,6,310.19,CO[Si](CCCS)(OC)OC
4-methoxy-4-oxobutanoic acid,COC(=O)CCC(=O)O,Thermo_Experimental,C5H8O4,132.115,4,198.73,COC(=O)CCC(=O)O
2-butoxyethanol,CCCCOCCO,Thermo_Experimental,C6H14O2,118.176,5,272.88,CCCCOCCO
eptc,CCCN(CCC)C(=O)SCC,Thermo_Experimental,C9H19NOS,189.324,6,337.62,CCCN(CCC)C(=O)SCC
"1,1-dichloroacetone",CC(=O)C(Cl)Cl,Thermo_Experimental,C3H4Cl2O,126.97,1,128.27,CC(=O)C(Cl)Cl
triethylene glycol monobutyl ether,CCCCOCCOCCOCCO,Thermo_Experimental,C10H22O4,206.282,11,383.24,CCCCOCCOCCOCCO
diethyl malonate,CCOC(=O)CC(=O)OCC,Thermo_Experimental,C7H12O4,160.169,6,299.78,CCOC(=O)CC(=O)OCC
1-nonanol,CCCCCCCCCO,Thermo_Experimental,C9H20O,144.258,7,340.52,CCCCCCCCCO
dihexylamine,CCCCCCNCCCCCC,Thermo_Experimental,C12H27N,185.355,10,388.19,CCCCCCNCCCCCC
bis(2-ethylhexyl) sebacate,CCCCC(CC)COC(=O)CCCCCCCCC(=O)OCC(CC)CCCC,Thermo_Experimental,C26H50O4,426.682,23,827.99,CCCCC(CC)COC(=O)CCCCCCCCC(=O)OCC(CC)CCCC
diethyl ethylphosphonate,CCOP(=O)(CC)OCC,Thermo_Experimental,C6H15O3P,166.157,5,279.84,CCOP(=O)(CC)OCC
hydrazine,NN,Thermo_Experimental,H4N2,32.046,0,98.83,NN
methyl carbazate,COC(=O)NN,Thermo_Experimental,C2H6N2O2,90.082,1,139.04,COC(=O)NN
fluoxetine,CNCCC(Oc1ccc(C(F)(F)F)cc1)c1ccccc1,Thermo_Experimental,C17H18F3NO,309.331,6,467.02,CNCCC(Oc1ccc(C(F)(F)F)cc1)c1ccccc1
methional,CSCCC=O,Thermo_Experimental,C4H8OS,104.174,3,161.84,CSCCC=O
pivaloyl chloride,CC(C)(C)C(=O)Cl,Thermo_Experimental,C5H9ClO,120.579,1,185.58,CC(C)(C)C(=O)Cl
2-ethylhexyl chloroformate,CCCCC(CC)COC(=O)Cl,Thermo_Experimental,C9H17ClO2,192.686,7,324.59,CCCCC(CC)COC(=O)Cl
"1,2,5,6,9,10-hexabromocyclododecane",BrC1CCC(Br)C(Br)CCC(Br)C(Br)CCC1Br,Thermo_Experimental,C12H18Br6,641.7,0,480.37,BrC1CCC(Br)C(Br)CCC(Br)C(Br)CCC1Br
ethyl nonanoate,CCCCCCCCC(=O)OCC,Thermo_Experimental,C11H22O2,186.295,9,361.94,CCCCCCCCC(=O)OCC
octanenitrile,CCCCCCCC#N,Thermo_Experimental,C8H15N,125.215,5,246.11,CCCCCCCC#N
ethyl myristate,CCCCCCCCCCCCCC(=O)OCC,Thermo_Experimental,C16H32O2,256.43,14,508.96,CCCCCCCCCCCCCC(=O)OCC
9-decen-1-ol,C=CCCCCCCCCO,Thermo_Experimental,C10H20O,156.269,8,313.16,C=CCCCCCCCCO
hexadecylamine,CCCCCCCCCCCCCCCCN,Thermo_Experimental,C16H35N,241.463,14,505.18,CCCCCCCCCCCCCCCCN
lethane,CCCCOCCOCCSC#N,Thermo_Experimental,C9H17NO2S,203.307,9,337.79,CCCCOCCOCCSC#N
n-methylethanolamine,CNCCO,Thermo_Experimental,C3H9NO,75.111,2,191.76,CNCCO
tert-butyl ethyl ether,CCOC(C)(C)C,Thermo_Experimental,C6H14O,102.177,2,220.27,CCOC(C)(C)C
methyl formate,COC=O,Thermo_Experimental,C2H4O2,60.052,1,92.69,COC=O
diisobutyl adipate,CC(C)COC(=O)CCCCC(=O)OCC(C)C,Thermo_Experimental,C14H26O4,258.358,11,472.63,CC(C)COC(=O)CCCCC(=O)OCC(C)C
perchlorate,[O-][Cl+3]([O-])([O-])[O-],Thermo_Experimental,ClO4-,99.449,0,67.38,[O-][Cl+3]([O-])([O-])[O-]
ethylmethylnitrosamine,CCN(C)N=O,Thermo_Experimental,C3H8N2O,88.11,1,154.02,CCN(C)N=O
1-pentanol,CCCCCO,Thermo_Experimental,C5H12O,88.15,3,208.27,CCCCCO
n-nitrosodipropylamine,CCCN(CCC)N=O,Thermo_Experimental,C6H14N2O,130.191,4,243.72,CCCN(CCC)N=O
tert-butyl acetoacetate,CC(=O)CC(=O)OC(C)(C)C,Thermo_Experimental,C8H14O3,158.197,4,275.53,CC(=O)CC(=O)OC(C)(C)C
triethyl phosphonoacetate,CCOC(=O)CP(=O)(OCC)OCC,Thermo_Experimental,C8H17O5P,224.193,8,355.61,CCOC(=O)CP(=O)(OCC)OCC
pentane,CCCCC,Thermo_Experimental,C5H12,72.151,2,167.12,CCCCC
"1,8-diazabicyclo[5.4.0]undec-7-ene",C1CCC2=NCCCN2CC1,Thermo_Experimental,C9H16N2,152.241,0,285.69,C1CCC2=NCCCN2CC1
n-methyldiethanolamine,CN(CCO)CCO,Thermo_Experimental,C5H13NO2,119.164,4,267.41,CN(CCO)CCO
methylcyclopentane,CC1CCCC1,Thermo_Experimental,C6H12,84.162,0,175.48,CC1CCCC1
"n,n'-methylenebisacrylamide",C=CC(=O)NCNC(=O)C=C,Thermo_Experimental,C7H10N2O2,154.169,4,241.88,C=CC(=O)NCNC(=O)C=C
1-butanethiol,CCCCS,Thermo_Experimental,C4H10S,90.191,2,162.49,CCCCS
dichlormid,C=CCN(CC=C)C(=O)C(Cl)Cl,Thermo_Experimental,C8H11Cl2NO,208.088,5,278.38,C=CCN(CC=C)C(=O)C(Cl)Cl
1-hexadecanol,CCCCCCCCCCCCCCCCO,Thermo_Experimental,C16H34O,242.447,14,577.53,CCCCCCCCCCCCCCCCO
"1,4-dithiane",C1CSCCS1,Thermo_Experimental,C4H8S2,120.242,0,167.57,C1CSCCS1
octamethyltrisiloxane,C[Si](C)(C)O[Si](C)(C)O[Si](C)(C)C,Thermo_Experimental,C8H24O2Si3,236.536,4,421.72,C[Si](C)(C)O[Si](C)(C)O[Si](C)(C)C
di(trimethylolpropane),CCC(CO)(CO)COCC(CC)(CO)CO,Thermo_Experimental,C12H26O5,250.335,10,460.45,CCC(CO)(CO)COCC(CC)(CO)CO
butanediol dimethacrylate,C=C(C)C(=O)OCCCCOC(=O)C(=C)C,Thermo_Experimental,C12H18O4,226.272,9,380.74,C=C(C)C(=O)OCCCCOC(=O)C(=C)C
"n,n-diethyldodecanamide",CCCCCCCCCCCC(=O)N(CC)CC,Thermo_Experimental,C16H33NO,255.446,12,513.72,CCCCCCCCCCCC(=O)N(CC)CC
2212-32-0,CN(C)CCN(C)CCO,Thermo_Experimental,C7H18N2O,146.234,5,287.26,CN(C)CCN(C)CCO
triethyl phosphate,CCOP(=O)(OCC)OCC,Thermo_Experimental,C6H15O4P,182.156,6,295.61,CCOP(=O)(OCC)OCC
"3-acetyl-6-methyl-2h-pyran-2,4(3h)-dione",CC(=O)C1C(=O)C=C(C)OC1=O,Thermo_Experimental,C8H8O4,168.148,1,238.24,CC(=O)C1C(=O)C=C(C)OC1=O
phorate,CCOP(=S)(OCC)SCSCC,Thermo_Experimental,C7H17O2PS3,260.386,8,359.9,CCOP(=S)(OCC)SCSCC
1-ethoxy-2-propanol,CCOCC(C)O,Thermo_Experimental,C5H12O2,104.149,3,198.84,CCOCC(C)O
"n,n-dimethyl-1,3-propanediamine",CN(C)CCCN,Thermo_Experimental,C5H14N2,102.181,3,208.72,CN(C)CCCN
1-methyl-2-pyrrolidinone,CN1CCCC1=O,Thermo_Experimental,C5H9NO,99.133,0,175.11,CN1CCCC1=O
2-(diisopropylamino)ethanol,CC(C)N(CCO)C(C)C,Thermo_Experimental,C8H19NO,145.246,4,344.57,CC(C)N(CCO)C(C)C
methyl ethyl ketoxime,CCC(C)=NO,Thermo_Experimental,C4H9NO,87.122,1,160.48,CCC(C)=NO
3-pentanone,CCC(=O)CC,Thermo_Experimental,C5H10O,86.134,2,166.23,CCC(=O)CC
3-methylhexane,CCCC(C)CC,Thermo_Experimental,C7H16,100.205,3,216.02,CCCC(C)CC
2-propoxyethanol,CCCOCCO,Thermo_Experimental,C5H12O2,104.149,4,198.84,CCCOCCO
methyl 3-mercaptopropionate,COC(=O)CCS,Thermo_Experimental,C4H8O2S,120.173,3,176.67,COC(=O)CCS
methyl 2-nonynoate,CCCCCCC#CC(=O)OC,Thermo_Experimental,C10H16O2,168.236,5,303.23,CCCCCCC#CC(=O)OC
hexyl octanoate,CCCCCCCC(=O)OCCCCCC,Thermo_Experimental,C14H28O2,228.376,12,450.21,CCCCCCCC(=O)OCCCCCC
sorbic alcohol,C/C=C/C=C/CO,Thermo_Experimental,C6H10O,98.145,2,181.48,C/C=C/C=C/CO
1-bromotridecane,CCCCCCCCCCCCCBr,Thermo_Experimental,C13H27Br,263.263,11,454.01,CCCCCCCCCCCCCBr
pentyl valerate,CCCCCOC(=O)CCCC,Thermo_Experimental,C10H20O2,172.268,8,332.46,CCCCCOC(=O)CCCC
nonanoyl chloride,CCCCCCCCC(=O)Cl,Thermo_Experimental,C9H17ClO,176.687,7,308.31,CCCCCCCCC(=O)Cl
n-methylpyrrolidine,CN1CCCC1,Thermo_Experimental,C5H11N,85.15,0,171.24,CN1CCCC1
"2,4-hexadienyl isobutyrate",CC=CC=CCOC(=O)C(C)C,Thermo_Experimental,C10H16O2,168.236,5,303.23,CC=CC=CCOC(=O)C(C)C
icaridin,CCC(C)OC(=O)N1CCCCC1CCO,Thermo_Experimental,C12H23NO3,229.32,5,419.13,CCC(C)OC(=O)N1CCCCC1CCO
gamma-nonalactone,CCCCCC1CCC(=O)O1,Thermo_Experimental,C9H16O2,156.225,4,288.47,CCCCCC1CCC(=O)O1
tert-butylamine,CC(C)(C)N,Thermo_Experimental,C4H11N,73.139,0,154.2,CC(C)(C)N
10-undecenal,C=CCCCCCCCCC=O,Thermo_Experimental,C11H20O,168.28,9,329.25,C=CCCCCCCCCC=O
dichlorvos,COP(=O)(OC)OC=C(Cl)Cl,Thermo_Experimental,C4H7Cl2O4P,220.976,4,229.79,COP(=O)(OC)OC=C(Cl)Cl
"n,n-dimethylisopropylamine",CC(C)N(C)C,Thermo_Experimental,C5H13N,87.166,1,183.45,CC(C)N(C)C
"n,n-dimethyldipropylenetriamine",CN(C)CCCNCCCN,Thermo_Experimental,C8H21N3,159.277,7,321.42,CN(C)CCCNCCCN
dimethyl sulfate,COS(=O)(=O)OC,Thermo_Experimental,C2H6O4S,126.133,2,159.56,COS(=O)(=O)OC
dimethylamine,CNC,Thermo_Experimental,C2H7N,45.085,0,95.68,CNC
2-ethylhexyl stearate,CCCCCCCCCCCCCCCCCC(=O)OCC(CC)CCCC,Thermo_Experimental,C26H52O2,396.7,23,802.16,CCCCCCCCCCCCCCCCCC(=O)OCC(CC)CCCC
isocetyl stearate,CCCCCCCCCCCCCCCCCC(=O)OCCCCCCCCCCCCCC(C)C,Thermo_Experimental,C34H68O2,508.916,31,1036.43,CCCCCCCCCCCCCCCCCC(=O)OCCCCCCCCCCCCCC(C)C
oxazolidine e,CCC12COCN1COC2,Thermo_Experimental,C7H13NO2,143.186,1,252.13,CCC12COCN1COC2
butoctamide semisuccinate,CCCCC(CC)CNC(=O)CC(C)OC(=O)CCC(=O)O,Thermo_Experimental,C16H29NO5,315.41,13,557.83,CCCCC(CC)CNC(=O)CC(C)OC(=O)CCC(=O)O
trans-cinnamaldehyde,O=C/C=C/c1ccccc1,Thermo_Experimental,C9H8O,132.162,2,207.34,O=C/C=C/c1ccccc1
"dimethyl 3,3'-thiodipropionate",COC(=O)CCSCCC(=O)OC,Thermo_Experimental,C8H14O4S,206.263,8,314.26,COC(=O)CCSCCC(=O)OC
3-chloropivaloyl chloride,CC(C)(CCl)C(=O)Cl,Thermo_Experimental,C5H8Cl2O,155.024,2,196.32,CC(C)(CCl)C(=O)Cl
gamma-heptalactone,CCCC1CCC(=O)O1,Thermo_Experimental,C7H12O2,128.171,2,228.66,CCCC1CCC(=O)O1
gamma-valerolactone,CC1CCC(=O)O1,Thermo_Experimental,C5H8O2,100.117,0,168.12,CC1CCC(=O)O1
4-methyl-2-pentanol,CC(C)CC(C)O,Thermo_Experimental,C6H14O,102.177,2,208.72,CC(C)CC(C)O
propylene carbonate,CC1COC(=O)O1,Thermo_Experimental,C4H6O3,102.089,0,166.73,CC1COC(=O)O1
triisobutyl phosphate,CC(C)COP(=O)(OCC(C)C)OCC(C)C,Thermo_Experimental,C12H27O4P,266.318,9,477.73,CC(C)COP(=O)(OCC(C)C)OCC(C)C
hydroxypivalyl hydroxypivalate,CC(C)(CO)COC(=O)C(C)(C)CO,Thermo_Experimental,C10H20O4,204.266,6,368.2,CC(C)(CO)COC(=O)C(C)(C)CO
heptamethyleneimine,C1CCCNCCC1,Thermo_Experimental,C7H15N,113.204,0,229.83,C1CCCNCCC1
bis(2-ethylhexyl) maleate,CCCCC(CC)COC(=O)/C=C\C(=O)OCC(CC)CCCC,Thermo_Experimental,C20H36O4,340.504,16,636.42,CCCCC(CC)COC(=O)/C=C\C(=O)OCC(CC)CCCC
allylacetic acid,C=CCCC(=O)O,Thermo_Experimental,C5H8O2,100.117,3,168.12,C=CCCC(=O)O
methyl isocyanate,CN=C=O,Thermo_Experimental,C2H3NO,57.052,0,82.78,CN=C=O
"n,n'-diethylthiourea",CCNC(=S)NCC,Thermo_Experimental,C5H12N2S,132.232,2,223.51,CCNC(=S)NCC
diethyl maleate,CCOC(=O)/C=C\C(=O)OCC,Thermo_Experimental,C8H12O4,172.18,6,274.7,CCOC(=O)/C=C\C(=O)OCC
2-methyl-2-propanethiol,CC(C)(C)S,Thermo_Experimental,C4H10S,90.191,0,162.49,CC(C)(C)S
oleic acid,CCCCCCCC/C=C\CCCCCCCC(=O)O,Thermo_Experimental,C18H34O2,282.468,15,548.92,CCCCCCCC/C=C\CCCCCCCC(=O)O
1-(1-butoxy-2-propoxy)-2-propanol,CCCCOCC(C)OCC(C)O,Thermo_Experimental,C10H22O3,190.283,8,365.08,CCCCOCC(C)OCC(C)O
"trans-1,2-dichloroethylene",Cl/C=C/Cl,Thermo_Experimental,C2H2Cl2,96.944,0,79.27,Cl/C=C/Cl
"cis-1,2-dichloroethene",Cl/C=C\Cl,Thermo_Experimental,C2H2Cl2,96.944,0,79.27,Cl/C=C\Cl
trimethoxymethane,COC(OC)OC,Thermo_Experimental,C4H10O3,106.121,3,186.52,COC(OC)OC
citronellyl butyrate,CCCC(=O)OCCC(C)CCC=C(C)C,Thermo_Experimental,C14H26O2,226.36,9,436.56,CCCC(=O)OCCC(C)CCC=C(C)C
1-(4-fluorophenyl)-4-oxocyclohexanecarbonitrile,N#CC1(c2ccc(F)cc2)CCC(=O)CC1,Thermo_Experimental,C13H12FNO,217.243,1,327.19,N#CC1(c2ccc(F)cc2)CCC(=O)CC1
"butanoic acid, 2-butoxy-1-methyl-2-oxoethyl ester",CCCCOC(=O)C(C)OC(=O)CCC,Thermo_Experimental,C11H20O4,216.277,9,382.71,CCCCOC(=O)C(C)OC(=O)CCC
n-vinyl-2-pyrrolidone,C=CN1CCCC1=O,Thermo_Experimental,C6H9NO,111.144,1,195.19,C=CN1CCCC1=O
cyclododecane,C1CCCCCCCCCCC1,Thermo_Experimental,C12H24,168.324,0,326.09,C1CCCCCCCCCCC1
isoamyl nitrite,CC(C)CCON=O,Thermo_Experimental,C5H11NO2,117.148,3,207.6,CC(C)CCON=O
1-bromotetradecane,CCCCCCCCCCCCCCBr,Thermo_Experimental,C14H29Br,277.29,12,484.28,CCCCCCCCCCCCCCBr
molybdenum trioxide,O=[Mo](=O)=O,Thermo_Experimental,MoO3,143.937,0,126.95,[O]=[Mo](=[O])=[O]
bis(2-ethylhexyl) hydrogen phosphate,CCCCC(CC)COP(=O)(O)OCC(CC)CCCC,Thermo_Experimental,C16H35O4P,322.426,14,597.22,CCCCC(CC)COP(=O)(O)OCC(CC)CCCC
dibutyl adipate,CCCCOC(=O)CCCCC(=O)OCCCC,Thermo_Experimental,C14H26O4,258.358,13,456.49,CCCCOC(=O)CCCCC(=O)OCCCC
"2,4-dimethylphenol",Cc1ccc(O)c(C)c1,Thermo_Experimental,C8H10O,122.167,0,210.49,Cc1ccc(O)c(C)c1
chromium(iii) oxide,O=[Cr]O[Cr]=O,Thermo_Experimental,Cr2O3,151.989,0,156.9,[O]=[Cr][O][Cr]=[O]
lactide,CC1OC(=O)C(C)OC1=O,Thermo_Experimental,C6H8O4,144.126,0,211.97,CC1OC(=O)C(C)OC1=O
triglyme,COCCOCCOCCOC,Thermo_Experimental,C8H18O4,178.228,9,368.04,COCCOCCOCCOC
sulfonethylmethane,CCC(C)(S(=O)(=O)CC)S(=O)(=O)CC,Thermo_Experimental,C8H18O4S2,242.362,5,371.63,CCC(C)(S(=O)(=O)CC)S(=O)(=O)CC
palmitoylethanolamide,CCCCCCCCCCCCCCCC(=O)NCCO,Thermo_Experimental,C18H37NO2,299.499,16,592.15,CCCCCCCCCCCCCCCC(=O)NCCO
delta-undecalactone,CCCCCCC1CCCC(=O)O1,Thermo_Experimental,C11H20O2,184.279,5,347.88,CCCCCCC1CCCC(=O)O1
piperazine,C1CNCCN1,Thermo_Experimental,C4H10N2,86.138,0,168.82,C1CNCCN1
methyl 2-octynoate,CCCCCC#CC(=O)OC,Thermo_Experimental,C9H14O2,154.209,4,273.2,CCCCCC#CC(=O)OC
sorbic acid,C/C=C/C=C/C(=O)O,Thermo_Experimental,C6H8O2,112.128,2,181.93,C/C=C/C=C/C(=O)O
dimethyltin dichloride,C[Sn](C)(Cl)Cl,Thermo_Experimental,C2H6Cl2Sn,219.687,0,148.29,[CH3][Sn]([CH3])([Cl])[Cl]
2-ethylhexanoyl chloride,CCCCC(CC)C(=O)Cl,Thermo_Experimental,C8H15ClO,162.66,5,278.0,CCCCC(CC)C(=O)Cl
ethyl 3-ethoxypropionate,CCOCCC(=O)OCC,Thermo_Experimental,C7H14O3,146.186,6,261.15,CCOCCC(=O)OCC
pivalic acid,CC(C)(C)C(=O)O,Thermo_Experimental,C5H10O2,102.133,1,194.55,CC(C)(C)C(=O)O
2-methyl-2-nitropropan-1-ol,CC(C)(CO)[N+](=O)[O-],Thermo_Experimental,C4H9NO3,119.12,1,193.29,CC(C)(CO)[N+](=O)[O-]
1-dodecanethiol,CCCCCCCCCCCCS,Thermo_Experimental,C12H26S,202.407,10,399.03,CCCCCCCCCCCCS
cremophor a,CCCCCCCCCCCCCCCCCC(=O)OCCO,Thermo_Experimental,C20H40O3,328.537,19,645.92,CCCCCCCCCCCCCCCCCC(=O)OCCO
octane,CCCCCCCC,Thermo_Experimental,C8H18,114.232,5,254.46,CCCCCCCC
methyl laurate,CCCCCCCCCCCC(=O)OC,Thermo_Experimental,C13H26O2,214.349,11,437.48,CCCCCCCCCCCC(=O)OC
1-iodohexadecane,CCCCCCCCCCCCCCCCI,Thermo_Experimental,C16H33I,352.344,14,569.43,CCCCCCCCCCCCCCCCI
5-nitroindazole,O=[N+]([O-])c1ccc2[nH]ncc2c1,Thermo_Experimental,C7H5N3O2,163.136,0,208.21,O=[N+]([O-])c1ccc2[nH]ncc2c1
"3,3-dimethylpentane",CCC(C)(C)CC,Thermo_Experimental,C7H16,100.205,2,216.02,CCC(C)(C)CC
"1,5-hexadiene",C=CCCC=C,Thermo_Experimental,C6H10,82.146,3,162.94,C=CCCC=C
"2,2,4-trimethylpentane",CC(C)CC(C)(C)C,Thermo_Experimental,C8H18,114.232,2,238.9,CC(C)CC(C)(C)C
2-methylbutyl isovalerate,CCC(C)COC(=O)CC(C)C,Thermo_Experimental,C10H20O2,172.268,6,332.46,CCC(C)COC(=O)CC(C)C
hydroxylamine,NO,Thermo_Experimental,H3NO,33.03,0,55.86,NO
butyltin trichloride,CCCC[Sn](Cl)(Cl)Cl,Thermo_Experimental,C4H9Cl3Sn,282.186,2,225.24,CCC[CH2][Sn]([Cl])([Cl])[Cl]
1-propoxy-2-propanol,CCCOCC(C)O,Thermo_Experimental,C6H14O2,118.176,4,228.37,CCCOCC(C)O
2-butyl-1-octanol,CCCCCCC(CO)CCCC,Thermo_Experimental,C12H26O,186.339,9,384.27,CCCCCCC(CO)CCCC
dibutyl nonanedioate,CCCCOC(=O)CCCCCCCC(=O)OCCCC,Thermo_Experimental,C17H32O4,300.439,16,561.93,CCCCOC(=O)CCCCCCCC(=O)OCCCC
allyl bromide,C=CCBr,Thermo_Experimental,C3H5Br,120.977,1,116.34,C=CCBr
neodymium chloride,Cl[Nd](Cl)Cl,Thermo_Experimental,Cl3Nd,250.599,0,57.03,[Cl][Nd]([Cl])[Cl]
diisooctyl adipate,CC(C)CCCCCOC(=O)CCCCC(=O)OCCCCCC(C)C,Thermo_Experimental,C22H42O4,370.574,19,709.98,CC(C)CCCCCOC(=O)CCCCC(=O)OCCCCCC(C)C
copper(ii) dimethyldithiocarbamate,CN(C)C(=S)[S-].CN(C)C(=S)[S-].[Cu+2],Thermo_Experimental,C6H12CuN2S4,303.99,0,318.7,CN(C)C(=S)[S-].CN(C)C(=S)[S-].[Cu+2]
pentanal,CCCCC=O,Thermo_Experimental,C5H10O,86.134,3,166.23,CCCCC=O
octamylamine,CC(C)CCCC(C)NCCC(C)C,Thermo_Experimental,C13H29N,199.382,8,417.44,CC(C)CCCC(C)NCCC(C)C
methyl cyanoacetate,COC(=O)CC#N,Thermo_Experimental,C4H5NO2,99.089,2,142.35,COC(=O)CC#N
isononanamine,CC(C)CCCCCCN,Thermo_Experimental,C9H21N,143.274,6,300.45,CC(C)CCCCCCN
diptocarpamidine,CC(C)NC(=O)NC(C)C,Thermo_Experimental,C7H16N2O,144.218,2,273.37,CC(C)NC(=O)NC(C)C
2-ethylhexyl cyanoacetate,CCCCC(CC)COC(=O)CC#N,Thermo_Experimental,C11H19NO2,197.278,8,356.75,CCCCC(CC)COC(=O)CC#N
tributylamine,CCCCN(CCCC)CCCC,Thermo_Experimental,C12H27N,185.355,9,388.19,CCCCN(CCCC)CCCC
tetraethyl orthosilicate,CCO[Si](OCC)(OCC)OCC,Thermo_Experimental,C8H20O4Si,208.33,8,363.42,CCO[Si](OCC)(OCC)OCC
"1,2-epoxytetradecane",CCCCCCCCCCCCC1CO1,Thermo_Experimental,C14H28O,212.377,11,430.37,CCCCCCCCCCCCC1CO1
butadiene monoxide,C=CC1CO1,Thermo_Experimental,C4H6O,70.091,1,121.51,C=CC1CO1
"1,3-dimethylbutylamine",CC(C)CC(C)N,Thermo_Experimental,C6H15N,101.193,2,212.7,CC(C)CC(C)N
2-(octylthio)ethanol,CCCCCCCCSCCO,Thermo_Experimental,C10H22OS,190.352,9,358.77,CCCCCCCCSCCO
ethyl caproate,CCCCCC(=O)OCC,Thermo_Experimental,C8H16O2,144.214,6,273.37,CCCCCC(=O)OCC
dodecylamine,CCCCCCCCCCCCN,Thermo_Experimental,C12H27N,185.355,10,388.19,CCCCCCCCCCCCN
tributyl phosphate,CCCCOP(=O)(OCCCC)OCCCC,Thermo_Experimental,C12H27O4P,266.318,12,379.38,CCCCOP(=O)(OCCCC)OCCCC
diallyl disulfide,C=CCSSCC=C,Thermo_Experimental,C6H10S2,146.28,5,212.73,C=CCSSCC=C
"2,6-dimethyl-2-heptanol",CC(C)CCCC(C)(C)O,Thermo_Experimental,C9H20O,144.258,4,296.51,CC(C)CCCC(C)(C)O
1-vinylazepan-2-one,C=CN1CCCCCC1=O,Thermo_Experimental,C8H13NO,139.198,1,249.71,C=CN1CCCCCC1=O
"1'-hydroxy-[1,1'-bicyclohexyl]-2-one",O=C1CCCCC1C1(O)CCCCC1,NIST_XML_SetB,C12H20O2,196.29,1,350.0,O=C1CCCCC1C1(O)CCCCC1
1-tetradecyl-3-methylimidazolium bis(trifluoromethylsulfonyl)imide,CCCCCCCCCCCCCCn1cc[n+](C)c1.O=S(=O)([N-]S(=O)(=O)C(F)(F)F)C(F)(F)F,NIST_XML_SetB,C20H35F6N3O4S2,559.639,15,896.2,CCCCCCCCCCCCCCn1cc[n+](C)c1.O=S(=O)([N-]S(=O)(=O)C(F)(F)F)C(F)(F)F
N-methylaniline,CNc1ccccc1,NIST_XML_SetB,C7H9N,107.155999999999,1,206.86,CNc1ccccc1
tetrabutylphosphonium L-lysinate,CCCC[P+](CCCC)(CCCC)CCCC.NCCCC[C@H](N)C(=O)[O-],NIST_XML_SetB,C22H49N2O2P,404.62,17,997.4,CCCC[P+](CCCC)(CCCC)CCCC.NCCCC[C@H](N)C(=O)[O-]
tetrabutylphosphonium L-threoninate,CCCC[P+](CCCC)(CCCC)CCCC.C[C@@H](O)[C@H](N)C(=O)[O-],NIST_XML_SetB,C20H44NO3P,377.55,14,961.3,CCCC[P+](CCCC)(CCCC)CCCC.C[C@@H](O)[C@H](N)C(=O)[O-]
1-methyl-3-propylimidazolium bromide,CCCn1cc[n+](C)c1.[Br-],NIST_XML_SetB,C7H13BrN2,205.099,2,280.8,CCCn1cc[n+](C)c1.[Br-]
2-chlorobenzeneamine,Nc1ccccc1Cl,NIST_XML_SetB,C6H6ClN,127.574,0,200.5,Nc1ccccc1Cl
"1,5-pentanediol",OCCCCCO,NIST_XML_SetB,C5H12O2,104.148999999999,4,232.49,OCCCCCO
"1,9-nonanediol",OCCCCCCCCCO,NIST_XML_SetB,C9H20O2,160.257,8,389.02,OCCCCCCCCCO
1-iodohexane,CCCCCCI,NIST_XML_SetB,C6H13I,212.074,4,217.79783103,CCCCCCI
2-hydroxy-N-methylethanaminium pentanoate,CCCCC(=O)O.CNCCO,NIST_XML_SetB,C8H19NO3,177.243999999999,5,394.5,CCCCC(=O)O.CNCCO
3-hexyl-1-methylimidazolium acetate,CC(=O)[O-].CCCCCCn1cc[n+](C)c1,NIST_XML_SetB,C12H22N2O2,226.32,5,446.98,CC(=O)[O-].CCCCCCn1cc[n+](C)c1
3-pentanol,CCC(O)CC,NIST_XML_SetB,C5H12O,88.1499999999999,2,254.6,CCC(O)CC
"(3,4-dimethoxyphenyl)acetonitrile",COc1ccc(CC#N)cc1OC,NIST_XML_SetB,C10H11NO2,177.203,3,350.5,COc1ccc(CC#N)cc1OC
N-methylformamide,CN=CO,NIST_XML_SetB,C2H5NO,59.068,0,123.92,CN=CO
"1,3,5-trimethylbenzene",Cc1cc(C)cc(C)c1,NIST_XML_SetB,C9H12,120.194999999999,0,207.425,Cc1cc(C)cc(C)c1
"1-butyl-2,3-dimethyl-1H-imidazolium trifluorotris(perfluoroethyl)phosphate(V)",CCCCn1cc[n+](C)c1C.FC(F)(F)C(F)(F)[P-](F)(F)(F)(C(F)(F)C(F)(F)F)C(F)(F)C(F)(F)F,NIST_XML_SetB,C15H17F18N2P,598.253,6,764.6,CCCCn1cc[n+](C)c1C.FC(F)(F)C(F)(F)[P-](F)(F)(F)(C(F)(F)C(F)(F)F)C(F)(F)C(F)(F)F
1-bromononane,CCCCCCCCCBr,NIST_XML_SetB,C9H19Br,207.155,7,308.303071428,CCCCCCCCCBr
"2,4-dimethyl-3-pentanol",CC(C)C(O)C(C)C,NIST_XML_SetB,C7H16O,116.203999999999,2,362.0,CC(C)C(O)C(C)C
1-butyl-3-cyanopyridinium bis(trifluoromethylsulfonyl)imide,CCCC[n+]1cccc(C#N)c1.O=S(=O)([N-]S(=O)(=O)C(F)(F)F)C(F)(F)F,NIST_XML_SetB,C12H13F6N3O4S2,441.375,5,586.0,CCCC[n+]1cccc(C#N)c1.O=S(=O)([N-]S(=O)(=O)C(F)(F)F)C(F)(F)F
heptan-1-ol,CCCCCCCO,NIST_XML_SetB,C7H16O,116.204,5,276.6,CCCCCCCO
1-octyl-3-methylimidazolium trifluoromethanesulfonate,CCCCCCCCn1cc[n+](C)c1.O=S(=O)([O-])C(F)(F)F,NIST_XML_SetB,C13H23F3N2O3S,344.399,7,588.0,CCCCCCCCn1cc[n+](C)c1.O=S(=O)([O-])C(F)(F)F
propan-1-ol,CCCO,NIST_XML_SetB,C3H8O,60.096,1,144.3,CCCO
methyl nonadecanoate,CCCCCCCCCCCCCCCCCCC(=O)OC,NIST_XML_SetB,C20H40O2,312.538,17,691.61,CCCCCCCCCCCCCCCCCCC(=O)OC
1-butyl-3-methylimidazolium tris(pentafluoroethyl)trifluorophosphate,CCCCn1cc[n+](C)c1.FC(F)(F)C(F)(F)[P-](F)(F)(F)(C(F)(F)C(F)(F)F)C(F)(F)C(F)(F)F,NIST_XML_SetB,C14H15F18N2P,584.226,6,696.9832865298,CCCCn1cc[n+](C)c1.FC(F)(F)C(F)(F)[P-](F)(F)(F)(C(F)(F)C(F)(F)F)C(F)(F)C(F)(F)F
1-chloro-2-nitrobenzene,O=[N+]([O-])c1ccccc1Cl,NIST_XML_SetB,C6H4ClNO2,157.556,1,211.4,O=[N+]([O-])c1ccccc1Cl
1-butyl-3-pentylimidazolium bis((trifluoromethyl)sulfonyl)imide,CCCCCn1cc[n+](CCCC)c1.O=S(=O)([N-]S(=O)(=O)C(F)(F)F)C(F)(F)F,NIST_XML_SetB,C14H23F6N3O4S2,475.477,9,687.34,CCCCCn1cc[n+](CCCC)c1.O=S(=O)([N-]S(=O)(=O)C(F)(F)F)C(F)(F)F
(diethylamino)ethanol,CCN(CC)CCO,NIST_XML_SetB,C6H15NO,117.192,4,281.8,CCN(CC)CCO
tetradecane,CCCCCCCCCCCCCC,NIST_XML_SetB,C14H30,198.393999999999,11,449.547208,CCCCCCCCCCCCCC
3-hexyl-1-methyl-1H-imidazolium bromide,CCCCCCn1cc[n+](C)c1.[Br-],NIST_XML_SetB,C10H19BrN2,247.18,5,344.0,CCCCCCn1cc[n+](C)c1.[Br-]
D-fructose,O=C(CO)[C@@H](O)[C@H](O)[C@H](O)CO,NIST_XML_SetB,C6H12O6,180.155999999999,5,397.15,O=C(CO)[C@@H](O)[C@H](O)[C@H](O)CO
2-methoxy-4-(1E)-1-propen-1-yl-phenol,C/C=C/c1ccc(O)c(OC)c1,NIST_XML_SetB,C10H12O2,164.203999999999,2,326.92435028,C/C=C/c1ccc(O)c(OC)c1
"bis(2-ethylhexyl) 1,2-benzenedicarboxylate",CCCCC(CC)COC(=O)c1ccccc1C(=O)OCC(CC)CCCC,NIST_XML_SetB,C24H38O4,390.564,14,703.0,CCCCC(CC)COC(=O)c1ccccc1C(=O)OCC(CC)CCCC
nonane,CCCCCCCCC,NIST_XML_SetB,C9H20,128.259,6,284.23,CCCCCCCCC
"1,2-butanediol",CCC(O)CO,NIST_XML_SetB,C4H10O2,90.1219999999999,2,230.94,CCC(O)CO
1-hexanamine,CCCCCCN,NIST_XML_SetB,C6H15N,101.193,4,250.98,CCCCCCN
(+)-3-carene,CC1=CC[C@@H]2[C@H](C1)C2(C)C,NIST_XML_SetB,C10H16,136.238,0,254.3,CC1=CC[C@@H]2[C@H](C1)C2(C)C
2-methylpyridine,Cc1ccccn1,NIST_XML_SetB,C6H7N,93.129,0,158.86,Cc1ccccn1
1-butyl-3-methylimidazolium acetate,CC(=O)[O-].CCCCn1cc[n+](C)c1,NIST_XML_SetB,C10H18N2O2,198.265999999999,3,383.2,CC(=O)[O-].CCCCn1cc[n+](C)c1
1-butyl-3-methylimidazolium 2-(2-methoxyethoxy)ethyl sulfate,CCCCn1cc[n+](C)c1.COCCOCCOS(=O)(=O)[O-],NIST_XML_SetB,C13H26N2O6S,338.426,10,643.0,CCCCn1cc[n+](C)c1.COCCOCCOS(=O)(=O)[O-]
2-methylbenzaldehyde,Cc1ccccc1C=O,NIST_XML_SetB,C8H8O,120.150999999999,1,199.56669172,Cc1ccccc1C=O
"1-hexyl-3-methylpyridinium 1,1,1-trifluoro-N-[(trifluoromethyl)sulfonyl]methanesulfonamide",CCCCCC[n+]1cccc(C)c1.O=S(=O)([N-]S(=O)(=O)C(F)(F)F)C(F)(F)F,NIST_XML_SetB,C14H20F6N2O4S2,458.446,7,624.0,CCCCCC[n+]1cccc(C)c1.O=S(=O)([N-]S(=O)(=O)C(F)(F)F)C(F)(F)F
1-hexen-3-ol,C=CC(O)CCC,NIST_XML_SetB,C6H12O,100.160999999999,3,269.3,C=CC(O)CCC
propanoylferrocene,CCC(=O)[c-]1cccc1.[Fe+2].c1cc[cH-]c1,NIST_XML_SetB,C13H14FeO,242.099,2,347.6,CCC(=O)[c-]1cccc1.[Fe+2].c1cc[cH-]c1
1-ethyl-3-methylimidazolium methylsulfate,CCn1cc[n+](C)c1.COS(=O)(=O)[O-],NIST_XML_SetB,C7H14N2O4S,222.266,2,340.77,CCn1cc[n+](C)c1.COS(=O)(=O)[O-]
"trans-1,3,3,3-tetrafluoropropene",F/C=C/C(F)(F)F,NIST_XML_SetB,C3H2F4,114.041,0,99.54,F/C=C/C(F)(F)F
"4-(1,1-dimethylethyl)-1,1'-biphenyl",CC(C)(C)c1ccc(-c2ccccc2)cc1,NIST_XML_SetB,C16H18,210.319999999999,1,381.0,CC(C)(C)c1ccc(-c2ccccc2)cc1
"N,N-dibutyl-N-methyl-1-butanaminium L-threoninate",CCCC[N+](C)(CCCC)CCCC.C[C@@H](O)[C@H](N)C(=O)[O-],NIST_XML_SetB,C17H38N2O3,318.502,11,752.6,CCCC[N+](C)(CCCC)CCCC.C[C@@H](O)[C@H](N)C(=O)[O-]
1-methyl-3-propylimidazolium bis[(trifluoromethyl)sulfonyl]imide,CCCn1cc[n+](C)c1.O=S(=O)([N-]S(=O)(=O)C(F)(F)F)C(F)(F)F,NIST_XML_SetB,C9H13F6N3O4S2,405.342,4,534.9,CCCn1cc[n+](C)c1.O=S(=O)([N-]S(=O)(=O)C(F)(F)F)C(F)(F)F
1-ethylpyridinium triflate,CC[n+]1ccccc1.O=S(=O)([O-])C(F)(F)F,NIST_XML_SetB,C8H10F3NO3S,257.232999999999,1,351.8,CC[n+]1ccccc1.O=S(=O)([O-])C(F)(F)F
cycloheptanone,O=C1CCCCCC1,NIST_XML_SetB,C7H12O,112.172,0,202.01,O=C1CCCCCC1
1-isobutyl-3-methylpyridinium bis((trifluoromethyl)sulfonyl)imide,Cc1ccc[n+](CC(C)C)c1.O=S(=O)([N-]S(=O)(=O)C(F)(F)F)C(F)(F)F,NIST_XML_SetB,C12H16F6N2O4S2,430.392,4,578.873123224,Cc1ccc[n+](CC(C)C)c1.O=S(=O)([N-]S(=O)(=O)C(F)(F)F)C(F)(F)F
1-butyl-3-methylpyridinium tricyanomethanide,CCCC[n+]1cccc(C)c1.N#CC(=C=[N-])C#N,NIST_XML_SetB,C14H16N4,240.309999999999,3,468.0,CCCC[n+]1cccc(C)c1.N#CC(=C=[N-])C#N
tetrabutylphosphonium L-prolinate,CCCC[P+](CCCC)(CCCC)CCCC.O=C([O-])[C@@H]1CCCN1,NIST_XML_SetB,C21H44NO2P,373.562,13,844.2,CCCC[P+](CCCC)(CCCC)CCCC.O=C([O-])[C@@H]1CCCN1
"(2,2-dimethylpropyl)benzene",CC(C)(C)Cc1ccccc1,NIST_XML_SetB,C11H16,148.248999999999,1,271.9,CC(C)(C)Cc1ccccc1
3-cyclohexyl-1-propanol,OCCCC1CCCCC1,NIST_XML_SetB,C9H18O,142.242,3,293.5,OCCCC1CCCCC1
1-chlorooctane,CCCCCCCCCl,NIST_XML_SetB,C8H17Cl,148.677,6,275.61,CCCCCCCCCl
2-(1-methylethyl)phenol,CC(C)c1ccccc1O,NIST_XML_SetB,C9H12O,136.194,1,281.9153286,CC(C)c1ccccc1O
"2,2-dimethyl-3-methylenebicyclo[2.2.1]heptane",C=C1C2CCC(C2)C1(C)C,NIST_XML_SetB,C10H16,136.237999999999,0,251.5,C=C1C2CCC(C2)C1(C)C
acetone,CC(C)=O,NIST_XML_SetB,C3H6O,58.08,0,120.73,CC(C)=O
(D6)-2-propanone,[2H]C([2H])([2H])C(=O)C([2H])([2H])[2H],NIST_XML_SetB,C3H6O,64.1166106679999,0,133.6,[2H]C([2H])([2H])C(=O)C([2H])([2H])[2H]
"1-ethyl-3-methyl-1H-imidazolium 1,1,2,2-tetrafluoroethane-1-sulfonate",CCn1cc[n+](C)c1.O=S(=O)([O-])C(F)(F)C(F)F,NIST_XML_SetB,C8H12F4N2O3S,292.253999999999,3,483.0,CCn1cc[n+](C)c1.O=S(=O)([O-])C(F)(F)C(F)F
"1,2-dimethylbenzene",Cc1ccccc1C,NIST_XML_SetB,C8H10,106.167999999999,0,187.282,Cc1ccccc1C
dipropylene glycol monomethyl ether,COC(C)COC(C)CO,NIST_XML_SetB,C7H16O3,148.201999999999,5,328.5,COC(C)COC(C)CO
1-ethyl-3-methylimidazolium tetrafluoroborate,CCn1cc[n+](C)c1.F[B-](F)(F)F,NIST_XML_SetB,C6H11BF4N2,197.971999999999,1,305.12,CCn1cc[n+](C)c1.F[B-](F)(F)F
"3-cyano-1-hexylpyridinium 1,1,1-trifluoro-N-[(trifluoromethyl)sulfonyl]methanesulfonamide",CCCCCC[n+]1cccc(C#N)c1.O=S(=O)([N-]S(=O)(=O)C(F)(F)F)C(F)(F)F,NIST_XML_SetB,C14H17F6N3O4S2,469.429,7,658.0,CCCCCC[n+]1cccc(C#N)c1.O=S(=O)([N-]S(=O)(=O)C(F)(F)F)C(F)(F)F
"1,3-dimethyladamantane",CC12CC3CC(C1)CC(C)(C3)C2,NIST_XML_SetB,C12H20,164.292,0,258.31,CC12CC3CC(C1)CC(C)(C3)C2
1-bromopropane,CCCBr,NIST_XML_SetB,C3H7Br,122.993,1,133.64,CCCBr
trimethyl phosphite,COP(OC)OC,NIST_XML_SetB,C3H9O3P,124.076,3,176.6463192477,COP(OC)OC
D-sucrose,OC[C@H]1O[C@@](CO)(O[C@H]2O[C@H](CO)[C@@H](O)[C@H](O)[C@H]2O)[C@@H](O)[C@@H]1O,NIST_XML_SetB,C12H22O11,342.297,5,746.98,OC[C@H]1O[C@@](CO)(O[C@H]2O[C@H](CO)[C@@H](O)[C@H](O)[C@H]2O)[C@@H](O)[C@@H]1O
(-)-verbenone,CC1=CC(=O)[C@H]2C[C@@H]1C2(C)C,NIST_XML_SetB,C10H14O,150.220999999999,0,270.55259348,CC1=CC(=O)[C@H]2C[C@@H]1C2(C)C
ferrocene,[CH]1C=CC=C1.[CH]1C=CC=C1.[Fe],NIST_XML_SetB,C10H10Fe,186.034999999999,0,166.65,[CH]1C=CC=C1.[CH]1C=CC=C1.[Fe]
"1-ethoxy-1,1,2,2,3,3,4,4,4-nonafluorobutane",CCOC(F)(F)C(F)(F)C(F)(F)C(F)(F)F,NIST_XML_SetB,C6H5F9O,264.086999999999,4,365.4990774592,CCOC(F)(F)C(F)(F)C(F)(F)C(F)(F)F
"3,3-bis(4-methoxy-3-methylphenyl)-1(3H)-isobenzofuranone",COc1ccc(C2(c3ccc(OC)c(C)c3)OC(=O)c3ccccc32)cc1C,NIST_XML_SetB,C24H22O4,374.436,4,622.32,COc1ccc(C2(c3ccc(OC)c(C)c3)OC(=O)c3ccccc32)cc1C
tetrahydropyran,C1CCOCC1,NIST_XML_SetB,C5H10O,86.134,0,147.9,C1CCOCC1
decane,CCCCCCCCCC,NIST_XML_SetB,C10H22,142.286,7,313.58,CCCCCCCCCC
2-(2-propoxyethoxy)ethanol,CCCOCCOCCO,NIST_XML_SetB,C7H16O3,148.202,7,329.4,CCCOCCOCCO
"1,8-dibromooctane",BrCCCCCCCCBr,NIST_XML_SetB,C8H16Br2,272.024,7,306.23,BrCCCCCCCCBr
1-methyl-1-propylpyrrolidinium bis[(trifluoromethyl)sulfonyl]imide,CCC[N+]1(C)CCCC1.O=S(=O)([N-]S(=O)(=O)C(F)(F)F)C(F)(F)F,NIST_XML_SetB,C10H18F6N2O4S2,408.386,4,554.0,CCC[N+]1(C)CCCC1.O=S(=O)([N-]S(=O)(=O)C(F)(F)F)C(F)(F)F
"1,2-propanediol",CC(O)CO,NIST_XML_SetB,C3H8O2,76.095,1,191.71,CC(O)CO
"(S)-4'-(2-methylbutyl)-[1,1'-biphenyl]-4-carbonitrile",CC[C@H](C)Cc1ccc(-c2ccc(C#N)cc2)cc1,NIST_XML_SetB,C18H19N,249.356999999999,4,427.81,CC[C@H](C)Cc1ccc(-c2ccc(C#N)cc2)cc1
tetradecyl(trihexyl)phosphonium dicyanamide,CCCCCCCCCCCCCC[P+](CCCCCC)(CCCCCC)CCCCCC.N#C[N-]C#N,NIST_XML_SetB,C34H68N3P,549.913,28,1060.2,CCCCCCCCCCCCCC[P+](CCCCCC)(CCCCCC)CCCCCC.N#C[N-]C#N
1-pentanamine,CCCCCN,NIST_XML_SetB,C5H13N,87.166,3,221.7,CCCCCN
ethyl phenylacetate,CCOC(=O)Cc1ccccc1,NIST_XML_SetB,C10H12O2,164.203999999999,3,288.82969972,CCOC(=O)Cc1ccccc1
"1,2,3-propanetriyl tri(tetradecanoate)",CCCCCCCCCCCCCC(=O)OCC(COC(=O)CCCCCCCCCCCCC)OC(=O)CCCCCCCCCCCCC,NIST_XML_SetB,C45H86O6,723.177,41,1547.0,CCCCCCCCCCCCCC(=O)OCC(COC(=O)CCCCCCCCCCCCC)OC(=O)CCCCCCCCCCCCC
"1-hexyl-3,5-dimethylpyridinium bis(trifluoromethylsulfonyl)imide",CCCCCC[n+]1cc(C)cc(C)c1.O=S(=O)([N-]S(=O)(=O)C(F)(F)F)C(F)(F)F,NIST_XML_SetB,C15H22F6N2O4S2,472.473,7,620.0,CCCCCC[n+]1cc(C)cc(C)c1.O=S(=O)([N-]S(=O)(=O)C(F)(F)F)C(F)(F)F
1-phenyl-1-propanol,CCC(O)c1ccccc1,NIST_XML_SetB,C9H12O,136.194,2,279.60008194,CCC(O)c1ccccc1
1-chloroheptane,CCCCCCCCl,NIST_XML_SetB,C7H15Cl,134.65,5,246.05,CCCCCCCCl
1-ethyl-3-methylimidazolium methyl phosphonate,CCn1cc[n+](C)c1.CO[PH](=O)[O-],NIST_XML_SetB,C7H15N2O3P,206.182,2,354.62863852,CCn1cc[n+](C)c1.CO[PH](=O)[O-]
5-nonanol,CCCCC(O)CCCC,NIST_XML_SetB,C9H20O,144.258,6,370.734065,CCCCC(O)CCCC
1-benzyl-3-methyl-1H-imidazolium chloride,C[n+]1ccn(Cc2ccccc2)c1.[Cl-],NIST_XML_SetB,C11H13ClN2,208.692,2,338.42787007,C[n+]1ccn(Cc2ccccc2)c1.[Cl-]
3-anilinopropanenitrile,N#CCCNc1ccccc1,NIST_XML_SetB,C9H10N2,146.192999999999,3,242.0,N#CCCNc1ccccc1
cyclooctanol,OC1CCCCCCC1,NIST_XML_SetB,C8H16O,128.215,0,295.6,OC1CCCCCCC1
1-butyl-3-methylimidazolium chloride,CCCCn1cc[n+](C)c1.[Cl-],NIST_XML_SetB,C8H15ClN2,174.674999999999,3,322.7,CCCCn1cc[n+](C)c1.[Cl-]
"1,2-hexanediol",CCCCC(O)CO,NIST_XML_SetB,C6H14O2,118.175999999999,4,293.095,CCCCC(O)CO
4-methylpyridine,Cc1ccncc1,NIST_XML_SetB,C6H7N,93.129,0,158.52,Cc1ccncc1
methyl hexadecanoate,CCCCCCCCCCCCCCCC(=O)OC,NIST_XML_SetB,C17H34O2,270.456999999999,14,570.55,CCCCCCCCCCCCCCCC(=O)OC
2-octylisoquinolinium thiocyanate,CCCCCCCC[n+]1ccc2ccccc2c1.N#C[S-],NIST_XML_SetB,C18H24N2S,300.471,7,522.0,CCCCCCCC[n+]1ccc2ccccc2c1.N#C[S-]
1-butyl-3-methylimidazolium trifluoromethanesulfonate,CCCCn1cc[n+](C)c1.O=S(=O)([O-])C(F)(F)F,NIST_XML_SetB,C9H15F3N2O3S,288.290999999999,3,427.7,CCCCn1cc[n+](C)c1.O=S(=O)([O-])C(F)(F)F
1-octyl-3-methylpydridinium bis(trifluoromethylsulfonyl)imide,CCCCCCCC[n+]1cccc(C)c1.O=S(=O)([N-]S(=O)(=O)C(F)(F)F)C(F)(F)F,NIST_XML_SetB,C16H24F6N2O4S2,486.5,9,669.0,CCCCCCCC[n+]1cccc(C)c1.O=S(=O)([N-]S(=O)(=O)C(F)(F)F)C(F)(F)F
"N,N-dimethylethanamide",CC(=O)N(C)C,NIST_XML_SetB,C4H9NO,87.122,0,172.7,CC(=O)N(C)C
4-methylbenzaldehyde,Cc1ccc(C=O)cc1,NIST_XML_SetB,C8H8O,120.150999999999,1,204.252484,Cc1ccc(C=O)cc1
1-butyl-3-methylpyridinium dicyanamide,CCCC[n+]1cccc(C)c1.N#C[N-]C#N,NIST_XML_SetB,C12H16N4,216.287999999999,3,367.68008,CCCC[n+]1cccc(C)c1.N#C[N-]C#N
1-methyl-3-octyl-1H-imidazol-3-ium L-serinate,CCCCCCCCn1cc[n+](C)c1.N[C@@H](CO)C(=O)[O-],NIST_XML_SetB,C15H29N3O3,299.415,9,599.21,CCCCCCCCn1cc[n+](C)c1.N[C@@H](CO)C(=O)[O-]
1-butyl-3-methylimidazolium tetrachloroferrate,CCCCn1cc[n+](C)c1.[Cl-].[Cl-].[Cl-].[Cl-].[Fe+3],NIST_XML_SetB,C8H15Cl4FeN2,336.879,3,436.39,CCCCn1cc[n+](C)c1.[Cl-].[Cl-].[Cl-].[Cl-].[Fe+3]
"1,3-thiazole",c1cscn1,NIST_XML_SetB,C3H3NS,85.131,0,122.1,c1cscn1
"1,6-dihydroxynaphthalene",Oc1ccc2c(O)cccc2c1,NIST_XML_SetB,C10H8O2,160.172,0,311.2,Oc1ccc2c(O)cccc2c1
1-(2-methoxyethyl)-1-methylpyrrolidinium tris(pentafluoroethyl)trifluorophosphate,COCC[N+]1(C)CCCC1.FC(F)(F)C(F)(F)[P-](F)(F)(F)(C(F)(F)C(F)(F)F)C(F)(F)C(F)(F)F,NIST_XML_SetB,C14H18F18NOP,589.242,6,732.6,COCC[N+]1(C)CCCC1.FC(F)(F)C(F)(F)[P-](F)(F)(F)(C(F)(F)C(F)(F)F)C(F)(F)C(F)(F)F
"1,2,3,4-tetrachlorobenzene",Clc1ccc(Cl)c(Cl)c1Cl,NIST_XML_SetB,C6H2Cl4,215.894,0,225.17,Clc1ccc(Cl)c(Cl)c1Cl
"1,3-benzenediol",Oc1cccc(O)c1,NIST_XML_SetB,C6H6O2,110.111999999999,0,237.2,Oc1cccc(O)c1
trihexyltetradecylphosphonium tetrachloroferrate,CCCCCCCCCCCCCC[P+](CCCCCC)(CCCCCC)CCCCCC.[Cl-].[Cl-].[Cl-].[Cl-].[Fe+3],NIST_XML_SetB,C32H68Cl4FeP,681.527,28,1341.8,CCCCCCCCCCCCCC[P+](CCCCCC)(CCCCCC)CCCCCC.[Cl-].[Cl-].[Cl-].[Cl-].[Fe+3]
"(E)-3,7-dimethyl-2,6-octadien-1-ol",CC(C)=CCC/C(C)=C/CO,NIST_XML_SetB,C10H18O,154.253,4,346.1,CC(C)=CCC/C(C)=C/CO
ethyl levulinate,CCOC(=O)CCC(C)=O,NIST_XML_SetB,C7H12O3,144.17,4,275.21743742,CCOC(=O)CCC(C)=O
2-nitrobenzenesulfonamide,NS(=O)(=O)c1ccccc1[N+](=O)[O-],NIST_XML_SetB,C6H6N2O4S,202.191,2,179.539696962708,NS(=O)(=O)c1ccccc1[N+](=O)[O-]
1-heptadecanol,CCCCCCCCCCCCCCCCCO,NIST_XML_SetB,C17H36O,256.473999999999,15,653.8,CCCCCCCCCCCCCCCCCO
1-octyl-3-methylimidazolium hexafluorophosphate,CCCCCCCCn1cc[n+](C)c1.F[P-](F)(F)(F)(F)F,NIST_XML_SetB,C12H23F6N2P,340.292,7,577.4698902994,CCCCCCCCn1cc[n+](C)c1.F[P-](F)(F)(F)(F)F
(S)-2-pinene,CC1=CC[C@H]2C[C@@H]1C2(C)C,NIST_XML_SetB,C10H16,136.238,0,253.0921624,CC1=CC[C@H]2C[C@@H]1C2(C)C
"1,3-dimethylimidazolium dimethylphosphate",COP(=O)([O-])OC.Cn1cc[n+](C)c1,NIST_XML_SetB,C7H15N2O4P,222.180999999999,2,282.833664593,COP(=O)([O-])OC.Cn1cc[n+](C)c1
"2,5-dimethylfuran",Cc1ccc(C)o1,NIST_XML_SetB,C6H8O,96.129,0,170.625638,Cc1ccc(C)o1
"1,4-diphenyl-2,3-dithiabutane",c1ccc(CSSCc2ccccc2)cc1,NIST_XML_SetB,C14H14S2,246.399999999999,5,1138.3,c1ccc(CSSCc2ccccc2)cc1
"1,2,4-trimethylbenzene",Cc1ccc(C)c(C)c1,NIST_XML_SetB,C9H12,120.194999999999,0,213.024,Cc1ccc(C)c(C)c1
N-methyl-2-hydroxyethylammonium butanoate,CCCC(=O)O.CNCCO,NIST_XML_SetB,C7H17NO3,163.216999999999,4,359.6,CCCC(=O)O.CNCCO
1-ethyl-3-methylimidazolium bromide,CCn1cc[n+](C)c1.[Br-],NIST_XML_SetB,C6H11BrN2,191.072,1,265.337548074,CCn1cc[n+](C)c1.[Br-]
1-methyl-3-octylimidazolium tetrafluoroborate,CCCCCCCCn1cc[n+](C)c1.F[B-](F)(F)F,NIST_XML_SetB,C12H23BF4N2,282.134,7,497.8,CCCCCCCCn1cc[n+](C)c1.F[B-](F)(F)F
ethyl 2-hydroxybenzoate,CCOC(=O)c1ccccc1O,NIST_XML_SetB,C9H10O3,166.176,2,283.07,CCOC(=O)c1ccccc1O
3-nonanol,CCCCCCC(O)CC,NIST_XML_SetB,C9H20O,144.258,6,373.619155,CCCCCCC(O)CC
2-(2-hexyloxyethoxy)ethanol,CCCCCCOCCOCCO,NIST_XML_SetB,C10H22O3,190.283,10,421.0,CCCCCCOCCOCCO
2-(chloromethylthio)benzothiazole,ClCSc1nc2ccccc2s1,NIST_XML_SetB,C8H6ClNS2,215.73,2,328.2,ClCSc1nc2ccccc2s1
chloroform-d,[2H]C(Cl)(Cl)Cl,NIST_XML_SetB,CHCl3,120.384101778,0,111.98,[2H]C(Cl)(Cl)Cl
trichloromethane,ClC(Cl)Cl,NIST_XML_SetB,CHCl3,119.378,0,110.74,ClC(Cl)Cl
trihexyl(tetradecyl)phosphonium tris(pentafluoroethyl)trifluorophosphate,CCCCCCCCCCCCCC[P+](CCCCCC)(CCCCCC)CCCCCC.FC(F)(F)C(F)(F)[P-](F)(F)(F)(C(F)(F)C(F)(F)F)C(F)(F)C(F)(F)F,NIST_XML_SetB,C38H68F18P2,928.874000000001,31,1539.1,CCCCCCCCCCCCCC[P+](CCCCCC)(CCCCCC)CCCCCC.FC(F)(F)C(F)(F)[P-](F)(F)(F)(C(F)(F)C(F)(F)F)C(F)(F)C(F)(F)F
1-(1-methylethyl)-4-methylbenzene,Cc1ccc(C(C)C)cc1,NIST_XML_SetB,C10H14,134.221999999999,1,240.3,Cc1ccc(C(C)C)cc1
2-trifluoromethyl-3-ethoxydodecafluorohexane,CCOC(F)(C(F)(F)C(F)(F)C(F)(F)F)C(F)(C(F)(F)F)C(F)(F)F,NIST_XML_SetB,C9H5F15O,414.107999999999,5,466.289490448,CCOC(F)(C(F)(F)C(F)(F)C(F)(F)F)C(F)(C(F)(F)F)C(F)(F)F
1-benzyl-3-methyl-1H-imidazol-3-ium bis((trifluoromethyl)sulfonyl)amide,C[n+]1ccn(Cc2ccccc2)c1.O=S(=O)([N-]S(=O)(=O)C(F)(F)F)C(F)(F)F,NIST_XML_SetB,C13H13F6N3O4S2,453.386,4,598.96369895912,C[n+]1ccn(Cc2ccccc2)c1.O=S(=O)([N-]S(=O)(=O)C(F)(F)F)C(F)(F)F
1-methyl-1-propylpyrrolidinium triflate,CCC[N+]1(C)CCCC1.O=S(=O)([O-])C(F)(F)F,NIST_XML_SetB,C9H18F3NO3S,277.307999999999,2,439.0,CCC[N+]1(C)CCCC1.O=S(=O)([O-])C(F)(F)F
"3,4,5,6-tetrahydrophthalic anhydride",O=C1OC(=O)C2=C1CCCC2,NIST_XML_SetB,C8H8O3,152.148999999999,0,275.09,O=C1OC(=O)C2=C1CCCC2
octamethylcyclotetrasiloxane,C[Si]1(C)O[Si](C)(C)O[Si](C)(C)O[Si](C)(C)O1,NIST_XML_SetB,C8H24O4Si4,296.62,0,513.6,C[Si]1(C)O[Si](C)(C)O[Si](C)(C)O[Si](C)(C)O1
"2,2-dimethyl-3-pentanol",CCC(O)C(C)(C)C,NIST_XML_SetB,C7H16O,116.203999999999,1,352.6,CCC(O)C(C)(C)C
2-pyrrolidinone,OC1=NCCC1,NIST_XML_SetB,C4H7NO,85.106,0,169.55,OC1=NCCC1
methyl octadecanoate,CCCCCCCCCCCCCCCCCC(=O)OC,NIST_XML_SetB,C19H38O2,298.510999999999,16,639.0,CCCCCCCCCCCCCCCCCC(=O)OC
1-[2-(2-methoxy-1-methylethoxy)-1-methylethoxy]-2-propanol,COCC(C)OCC(C)OCC(C)O,NIST_XML_SetB,C10H22O4,206.281999999999,8,434.8,COCC(C)OCC(C)OCC(C)O
cyclohexanol,OC1CCCCC1,NIST_XML_SetB,C6H12O,100.160999999999,0,218.3,OC1CCCCC1
trihexyltetradecylphosphonium decanoate,CCCCCCCCCC(=O)[O-].CCCCCCCCCCCCCC[P+](CCCCCC)(CCCCCC)CCCCCC,NIST_XML_SetB,C42H87O2P,655.13,36,1191.650075879,CCCCCCCCCC(=O)[O-].CCCCCCCCCCCCCC[P+](CCCCCC)(CCCCCC)CCCCCC
1-ethyl-3-methylimidazolium diethyl phosphate,CCOP(=O)([O-])OCC.CCn1cc[n+](C)c1,NIST_XML_SetB,C10H21N2O4P,264.261999999999,5,459.80993094,CCOP(=O)([O-])OCC.CCn1cc[n+](C)c1
1-butyl-1-methylpyrrolidinium bis[(trifluoromethyl)sulfonyl]imide,CCCC[N+]1(C)CCCC1.O=S(=O)([N-]S(=O)(=O)C(F)(F)F)C(F)(F)F,NIST_XML_SetB,C11H20F6N2O4S2,422.413,5,588.0,CCCC[N+]1(C)CCCC1.O=S(=O)([N-]S(=O)(=O)C(F)(F)F)C(F)(F)F
hexamethylcyclotrisiloxane,C[Si]1(C)O[Si](C)(C)O[Si](C)(C)O1,NIST_XML_SetB,C6H18O3Si3,222.465,0,404.5,C[Si]1(C)O[Si](C)(C)O[Si](C)(C)O1
methyl heptadecanoate,CCCCCCCCCCCCCCCCC(=O)OC,NIST_XML_SetB,C18H36O2,284.483999999999,15,599.17,CCCCCCCCCCCCCCCCC(=O)OC
4-ethylmorpholine,CCN1CCOCC1,NIST_XML_SetB,C6H13NO,115.176,1,208.2,CCN1CCOCC1
"N,N,N'-trimethylethylenediamine",CNCCN(C)C,NIST_XML_SetB,C5H14N2,102.181,3,258.3,CNCCN(C)C
sulfolane,O=S1(=O)CCCC1,NIST_XML_SetB,C4H8O2S,120.173,0,179.5,O=S1(=O)CCCC1
1-amino-2-propanol,CC(O)CN,NIST_XML_SetB,C3H9NO,75.1109999999999,1,209.0,CC(O)CN
trihexyl(tetradecyl)phosphonium bis[(trifluoromethyl)sulfonyl]imide,CCCCCCCCCCCCCC[P+](CCCCCC)(CCCCCC)CCCCCC.O=S(=O)([N-]S(=O)(=O)C(F)(F)F)C(F)(F)F,NIST_XML_SetB,C34H68F6NO4PS2,764.017,30,1366.0,CCCCCCCCCCCCCC[P+](CCCCCC)(CCCCCC)CCCCCC.O=S(=O)([N-]S(=O)(=O)C(F)(F)F)C(F)(F)F
2-aminoethan-1-ol,NCCO,NIST_XML_SetB,C2H7NO,61.0839999999999,1,166.53867386,NCCO
1-ethyl-3-methylimidazolium hydrogen sulfate,CCn1cc[n+](C)c1.O=S(=O)([O-])O,NIST_XML_SetB,C6H12N2O4S,208.239,1,294.0,CCn1cc[n+](C)c1.O=S(=O)([O-])O
ethyl undecanoate,CCCCCCCCCCC(=O)OCC,NIST_XML_SetB,C13H26O2,214.348999999999,10,431.45,CCCCCCCCCCC(=O)OCC
dimethyl sulfoxide,CS(C)=O,NIST_XML_SetB,C2H6OS,78.136,0,151.5,CS(C)=O
(methyl sulfoxide)-d6,[2H]C([2H])([2H])S(=O)C([2H])([2H])[2H],NIST_XML_SetB,C2H6OS,84.1726106679999,0,163.87,[2H]C([2H])([2H])S(=O)C([2H])([2H])[2H]
1-cyclopentyl-3-butylimidazolium bis((trifluoromethyl)sulfonyl)imide,CCCC[n+]1ccn(C2CCCC2)c1.O=S(=O)([N-]S(=O)(=O)C(F)(F)F)C(F)(F)F,NIST_XML_SetB,C14H21F6N3O4S2,473.461,6,651.99,CCCC[n+]1ccn(C2CCCC2)c1.O=S(=O)([N-]S(=O)(=O)C(F)(F)F)C(F)(F)F
1-butyl-2-phenylimidazolium bis(trifluoromethylsulfonyl)imide,CCCCn1cc[nH+]c1-c1ccccc1.O=S(=O)([N-]S(=O)(=O)C(F)(F)F)C(F)(F)F,NIST_XML_SetB,C15H17F6N3O4S2,481.44,6,627.73,CCCCn1cc[nH+]c1-c1ccccc1.O=S(=O)([N-]S(=O)(=O)C(F)(F)F)C(F)(F)F
pentaerythritol tetranonanoate,CCCCCCCCC(=O)OCC(COC(=O)CCCCCCCC)(COC(=O)CCCCCCCC)COC(=O)CCCCCCCC,NIST_XML_SetB,C41H76O8,697.051,36,1352.2524396,CCCCCCCCC(=O)OCC(COC(=O)CCCCCCCC)(COC(=O)CCCCCCCC)COC(=O)CCCCCCCC
"1,5-dibromopentane",BrCCCCCBr,NIST_XML_SetB,C5H10Br2,229.942999999999,4,220.72,BrCCCCCBr
2-chlorotoluene,Cc1ccccc1Cl,NIST_XML_SetB,C7H7Cl,126.586,0,178.21,Cc1ccccc1Cl
4-cyano-3-fluorophenyl 4-butylbenzoate,CCCCc1ccc(C(=O)Oc2ccc(C#N)c(F)c2)cc1,NIST_XML_SetB,C18H16FNO2,297.328999999999,5,478.16,CCCCc1ccc(C(=O)Oc2ccc(C#N)c(F)c2)cc1
1-bromo-2-chloroethane,ClCCBr,NIST_XML_SetB,C2H4BrCl,143.411,1,136.89,ClCCBr
1-butyl-1H-benzimidazolium bis((trifluoromethyl)sulfonyl)amide,CCCCn1c[nH+]c2ccccc21.O=S(=O)([N-]S(=O)(=O)C(F)(F)F)C(F)(F)F,NIST_XML_SetB,C13H15F6N3O4S2,455.402,5,685.66,CCCCn1c[nH+]c2ccccc21.O=S(=O)([N-]S(=O)(=O)C(F)(F)F)C(F)(F)F
1-butyl-3-methylimidazolium dicyanamide,CCCCn1cc[n+](C)c1.N#C[N-]C#N,NIST_XML_SetB,C10H15N5,205.265,3,376.0,CCCCn1cc[n+](C)c1.N#C[N-]C#N
dimethyl carbonate,COC(=O)OC,NIST_XML_SetB,C3H6O3,90.078,0,165.02,COC(=O)OC
3-hexadecyl-1-methyl-1H-imidazolium bis((trifluoromethyl)sulfonyl)amide,CCCCCCCCCCCCCCCCn1cc[n+](C)c1.O=S(=O)([N-]S(=O)(=O)C(F)(F)F)C(F)(F)F,NIST_XML_SetB,C22H39F6N3O4S2,587.693,17,972.0,CCCCCCCCCCCCCCCCn1cc[n+](C)c1.O=S(=O)([N-]S(=O)(=O)C(F)(F)F)C(F)(F)F
"3,6,9,12,15-pentaoxaheptadecane-1,17-diol",OCCOCCOCCOCCOCCOCCO,NIST_XML_SetB,C12H26O7,282.333,16,616.51719417,OCCOCCOCCOCCOCCOCCO
methyl nonanoate,CCCCCCCCC(=O)OC,NIST_XML_SetB,C10H20O2,172.268,7,346.27,CCCCCCCCC(=O)OC
1-bromoundecane,CCCCCCCCCCCBr,NIST_XML_SetB,C11H23Br,235.208999999999,9,373.222214976,CCCCCCCCCCCBr
heptane,CCCCCCC,NIST_XML_SetB,C7H16,100.205,4,223.91,CCCCCCC
N-(.beta.-aminoethyl)piperazine),NCCN1CCNCC1,NIST_XML_SetB,C6H15N3,129.207,2,289.7,NCCN1CCNCC1
1-butyl-3-methylimidazolium bis(trifluoromethylsulfonyl)imide,CCCCn1cc[n+](C)c1.O=S(=O)([N-]S(=O)(=O)C(F)(F)F)C(F)(F)F,NIST_XML_SetB,C10H15F6N3O4S2,419.369,5,565.9,CCCCn1cc[n+](C)c1.O=S(=O)([N-]S(=O)(=O)C(F)(F)F)C(F)(F)F
"2-amino-2-ethyl-1,3-propanediol",CCC(N)(CO)CO,NIST_XML_SetB,C5H13NO2,119.163999999999,3,367.5,CCC(N)(CO)CO
1-octanamine,CCCCCCCCN,NIST_XML_SetB,C8H19N,129.247,6,305.42,CCCCCCCCN
tetrabutylphosphonium L-valinate,CC(C)[C@H](N)C(=O)[O-].CCCC[P+](CCCC)(CCCC)CCCC,NIST_XML_SetB,C21H46NO2P,375.578,14,747.4,CC(C)[C@H](N)C(=O)[O-].CCCC[P+](CCCC)(CCCC)CCCC
phenyl ethanoate,CC(=O)Oc1ccccc1,NIST_XML_SetB,C8H8O2,136.149999999999,1,224.78021592,CC(=O)Oc1ccccc1
butyl levulinate,CCCCOC(=O)CCC(C)=O,NIST_XML_SetB,C9H16O3,172.224,6,336.86533224,CCCCOC(=O)CCC(C)=O
3-methylpyridine,Cc1cccnc1,NIST_XML_SetB,C6H7N,93.129,0,158.75,Cc1cccnc1
"1-methyl-3-(3,3,4,4,5,5,6,6,6-nonafluorohexyl)-1H-imidazolium 1,1,1-trifluoro-N-[(trifluoromethyl)sulfonyl]methanesulfonamide",C[NH+]1C=CN(CCC(F)(F)C(F)(F)C(F)(F)C(F)(F)F)C1.O=S(=O)([N-]S(=O)(=O)C(F)(F)F)C(F)(F)F,NIST_XML_SetB,C12H12F15N3O4S2,611.348999999999,7,725.0,C[NH+]1C=CN(CCC(F)(F)C(F)(F)C(F)(F)C(F)(F)F)C1.O=S(=O)([N-]S(=O)(=O)C(F)(F)F)C(F)(F)F
"1,3-dimethylbenzene",Cc1cccc(C)c1,NIST_XML_SetB,C8H10,106.167999999999,0,181.379,Cc1cccc(C)c1
1-ethyl-3-methylimidazolium methanesulfonate,CCn1cc[n+](C)c1.CS(=O)(=O)[O-],NIST_XML_SetB,C7H14N2O3S,206.267,1,345.51610362132,CCn1cc[n+](C)c1.CS(=O)(=O)[O-]
1-butyl-3-methylimidazolium hexafluorophosphate,CCCCn1cc[n+](C)c1.F[P-](F)(F)(F)(F)F,NIST_XML_SetB,C8H15F6N2P,284.183999999999,3,407.66,CCCCn1cc[n+](C)c1.F[P-](F)(F)(F)(F)F
4-nonanol,CCCCCC(O)CCC,NIST_XML_SetB,C9H20O,144.258,6,367.848975,CCCCCC(O)CCC
1-methyl-1-octylpyrrolidinium bis(trifluoromethylsulfonyl)amide,CCCCCCCC[N+]1(C)CCCC1.O=S(=O)([N-]S(=O)(=O)C(F)(F)F)C(F)(F)F,NIST_XML_SetB,C15H28F6N2O4S2,478.521,9,636.426704536,CCCCCCCC[N+]1(C)CCCC1.O=S(=O)([N-]S(=O)(=O)C(F)(F)F)C(F)(F)F
1-methyl-3-octyl-1H-imidazol-3-ium L-prolinate,CCCCCCCCn1cc[n+](C)c1.O=C([O-])[C@@H]1CCCN1,NIST_XML_SetB,C17H31N3O2,309.454,8,561.68,CCCCCCCCn1cc[n+](C)c1.O=C([O-])[C@@H]1CCCN1
1-aza-2-cycloheptanone,OC1=NCCCCC1,NIST_XML_SetB,C6H11NO,113.16,0,232.3,OC1=NCCCCC1
ethyl methyl carbonate,CCOC(=O)OC,NIST_XML_SetB,C4H8O3,104.104999999999,1,182.5,CCOC(=O)OC
trihexyl(tetradecyl)phosphonium chloride,CCCCCCCCCCCCCC[P+](CCCCCC)(CCCCCC)CCCCCC.[Cl-],NIST_XML_SetB,C32H68ClP,519.323,28,833.5,CCCCCCCCCCCCCC[P+](CCCCCC)(CCCCCC)CCCCCC.[Cl-]
benzonitrile,N#Cc1ccccc1,NIST_XML_SetB,C7H5N,103.124,0,166.415,N#Cc1ccccc1
glycerine carbonate,O=C1OCC(CO)O1,NIST_XML_SetB,C4H6O4,118.087999999999,1,213.7393524,O=C1OCC(CO)O1
1-butyl-3-isopentylimidazolium bis((trifluoromethyl)sulfonyl)amide,CCCC[n+]1ccn(CCC(C)C)c1.O=S(=O)([N-]S(=O)(=O)C(F)(F)F)C(F)(F)F,NIST_XML_SetB,C14H23F6N3O4S2,475.477,8,685.77,CCCC[n+]1ccn(CCC(C)C)c1.O=S(=O)([N-]S(=O)(=O)C(F)(F)F)C(F)(F)F
cyclohexanone,O=C1CCCCC1,NIST_XML_SetB,C6H10O,98.145,0,178.27,O=C1CCCCC1
3-methylbenzyl alcohol,Cc1cccc(CO)c1,NIST_XML_SetB,C8H10O,122.166999999999,1,250.8035132,Cc1cccc(CO)c1
1-[1-methyl-2-(1-methyl-2-propoxyethoxy)ethoxy]-2-propanol,CCCOCC(C)OCC(C)OCC(C)O,NIST_XML_SetB,C12H26O4,234.336,10,494.5,CCCOCC(C)OCC(C)OCC(C)O
"3,6,9,12-tetraoxatetradecane-1,14-diol",OCCOCCOCCOCCOCCO,NIST_XML_SetB,C10H22O6,238.28,13,521.233484862,OCCOCCOCCOCCOCCO
2-[2-(2-methoxyethoxy)ethoxy]ethanol,COCCOCCOCCO,NIST_XML_SetB,C7H16O4,164.201,8,356.6,COCCOCCOCCO
tributylmethylphosphonium methyl sulfate,CCCC[P+](C)(CCCC)CCCC.COS(=O)(=O)[O-],NIST_XML_SetB,C14H33O4PS,328.455,10,660.8,CCCC[P+](C)(CCCC)CCCC.COS(=O)(=O)[O-]
methyl tridecanoate,CCCCCCCCCCCCC(=O)OC,NIST_XML_SetB,C14H28O2,228.375999999999,11,469.05,CCCCCCCCCCCCC(=O)OC
3-methyl-1-propylpyridinium bis(trifluoromethylsulfonyl)imide,CCC[n+]1cccc(C)c1.O=S(=O)([N-]S(=O)(=O)C(F)(F)F)C(F)(F)F,NIST_XML_SetB,C11H14F6N2O4S2,416.365,4,517.0,CCC[n+]1cccc(C)c1.O=S(=O)([N-]S(=O)(=O)C(F)(F)F)C(F)(F)F
1-ethyl-3-methylimidazolium trifluoroacetate,CCn1cc[n+](C)c1.O=C([O-])C(F)(F)F,NIST_XML_SetB,C8H11F3N2O2,224.181999999999,1,313.0,CCn1cc[n+](C)c1.O=C([O-])C(F)(F)F
4-oxopentanoic acid,CC(=O)CCC(=O)O,NIST_XML_SetB,C5H8O3,116.115999999999,3,245.93203596,CC(=O)CCC(=O)O
1-bromo-3-chlorobenzene,Clc1cccc(Br)c1,NIST_XML_SetB,C6H4BrCl,191.455,0,173.75,Clc1cccc(Br)c1
"1,2-diphenylethyne",C(#Cc1ccccc1)c1ccccc1,NIST_XML_SetB,C14H10,178.233999999999,0,302.0,C(#Cc1ccccc1)c1ccccc1
"1,3-dibromobenzene",Brc1cccc(Br)c1,NIST_XML_SetB,C6H4Br2,235.906,0,178.44,Brc1cccc(Br)c1
1-bromo-6-chlorohexane,ClCCCCCCBr,NIST_XML_SetB,C6H12BrCl,199.519,5,247.47,ClCCCCCCBr
pyridine,c1ccncc1,NIST_XML_SetB,C5H5N,79.102,0,131.74,c1ccncc1
2-methylheptane,CCCCCC(C)C,NIST_XML_SetB,C8H18,114.232,4,236.2,CCCCCC(C)C
"1-butyl-2,3-dimethylimidazolium hexafluorophosphate",CCCCn1cc[n+](C)c1C.F[P-](F)(F)(F)(F)F,NIST_XML_SetB,C9H17F6N2P,298.210999999999,3,433.6,CCCCn1cc[n+](C)c1C.F[P-](F)(F)(F)(F)F
2-methyltetrahydrofuran,CC1CCCO1,NIST_XML_SetB,C5H10O,86.1339999999999,0,156.9,CC1CCCO1
pentan-2-ol,CCCC(C)O,NIST_XML_SetB,C5H12O,88.1499999999999,2,235.3,CCCC(C)O
ethyl trans-3-phenylpropenoate,CCOC(=O)/C=C/c1ccccc1,NIST_XML_SetB,C11H12O2,176.214999999999,3,299.7,CCOC(=O)/C=C/c1ccccc1
1H-perfluorooctane,FC(F)C(F)(F)C(F)(F)C(F)(F)C(F)(F)C(F)(F)C(F)(F)C(F)(F)F,NIST_XML_SetB,C8HF17,420.061999999999,6,480.1358887992,FC(F)C(F)(F)C(F)(F)C(F)(F)C(F)(F)C(F)(F)C(F)(F)C(F)(F)F
octan-1-ol,CCCCCCCCO,NIST_XML_SetB,C8H18O,130.231,6,304.4,CCCCCCCCO
"1,2-dihydronaphthalene",C1=Cc2ccccc2CC1,NIST_XML_SetB,C10H10,130.189999999999,0,209.64,C1=Cc2ccccc2CC1
"1,4-butanediamine",NCCCCN,NIST_XML_SetB,C4H12N2,88.154,3,236.33,NCCCCN
1-undecanol,CCCCCCCCCCCO,NIST_XML_SetB,C11H24O,172.311999999999,9,407.32,CCCCCCCCCCCO
4-morpholineethanol,OCCN1CCOCC1,NIST_XML_SetB,C6H13NO2,131.175,2,263.9,OCCN1CCOCC1
1-pentylpyridinium hexafluorophosphate,CCCCC[n+]1ccccc1.F[P-](F)(F)(F)(F)F,NIST_XML_SetB,C10H16F6NP,295.206999999999,4,382.58,CCCCC[n+]1ccccc1.F[P-](F)(F)(F)(F)F
"1,3-dimethoxy-2-hydroxybenzene",COc1cccc(OC)c1O,NIST_XML_SetB,C8H10O3,154.165,2,317.2678656,COc1cccc(OC)c1O
1-octylimidazole,CCCCCCCCn1ccnc1,NIST_XML_SetB,C11H20N2,180.295,7,382.2147576,CCCCCCCCn1ccnc1
1-chloro-3-nitrobenzene,O=[N+]([O-])c1cccc(Cl)c1,NIST_XML_SetB,C6H4ClNO2,157.556,1,208.8,O=[N+]([O-])c1cccc(Cl)c1
ethylene carbonate,O=C1OCCO1,NIST_XML_SetB,C3H4O3,88.062,0,132.8,O=C1OCCO1
1-butyl-1-methylpyrrolidinium tris(pentafluoroethyl)trifluorophosphate,CCCC[N+]1(C)CCCC1.FC(F)(F)C(F)(F)[P-](F)(F)(F)(C(F)(F)C(F)(F)F)C(F)(F)C(F)(F)F,NIST_XML_SetB,C15H20F18NP,587.27,6,769.0,CCCC[N+]1(C)CCCC1.FC(F)(F)C(F)(F)[P-](F)(F)(F)(C(F)(F)C(F)(F)F)C(F)(F)C(F)(F)F
methyl 2-thiopheneacetate,COC(=O)Cc1cccs1,NIST_XML_SetB,C7H8O2S,156.206,2,249.8,COC(=O)Cc1cccs1
"1,2-dichloropropane",CC(Cl)CCl,NIST_XML_SetB,C3H6Cl2,112.987,1,156.81,CC(Cl)CCl
"2,2-dimethyl-1-propanol",CC(C)(C)CO,NIST_XML_SetB,C5H12O,88.1499999999999,0,267.44,CC(C)(C)CO
tris(2-ethylhexyl) trimellitate,CCCCC(CC)COC(=O)c1ccc(C(=O)OCC(CC)CCCC)c(C(=O)OCC(CC)CCCC)c1,NIST_XML_SetB,C33H54O6,546.789,21,991.30898538,CCCCC(CC)COC(=O)c1ccc(C(=O)OCC(CC)CCCC)c(C(=O)OCC(CC)CCCC)c1
1-hexylpyridinium bis(trifluromethylsulfonyl)imide,CCCCCC[n+]1ccccc1.O=S(=O)([N-]S(=O)(=O)C(F)(F)F)C(F)(F)F,NIST_XML_SetB,C13H18F6N2O4S2,444.419,7,612.0,CCCCCC[n+]1ccccc1.O=S(=O)([N-]S(=O)(=O)C(F)(F)F)C(F)(F)F
2-methyl-2-hexanol,CCCCC(C)(C)O,NIST_XML_SetB,C7H16O,116.204,3,316.3,CCCCC(C)(C)O
"1-butyl-2,3-dimethylimidazolium trifluoromethanesulfonate",CCCCn1cc[n+](C)c1C.O=S(=O)([O-])C(F)(F)F,NIST_XML_SetB,C10H17F3N2O3S,302.318,3,472.2,CCCCn1cc[n+](C)c1C.O=S(=O)([O-])C(F)(F)F
cyclobutanol,OC1CCC1,NIST_XML_SetB,C4H8O,72.107,0,153.7,OC1CCC1
1-ethyl-2-heptylpyridin-1-ium bis((trifluoromethyl)sulfonyl)imide,CCCCCCCc1cccc[n+]1CC.O=S(=O)([N-]S(=O)(=O)C(F)(F)F)C(F)(F)F,NIST_XML_SetB,C16H24F6N2O4S2,486.5,9,717.5,CCCCCCCc1cccc[n+]1CC.O=S(=O)([N-]S(=O)(=O)C(F)(F)F)C(F)(F)F
"3-methyl-N,N-bis(4-methylphenyl)benzenamine",Cc1ccc(N(c2ccc(C)cc2)c2cccc(C)c2)cc1,NIST_XML_SetB,C21H21N,287.406,3,442.708156472,Cc1ccc(N(c2ccc(C)cc2)c2cccc(C)c2)cc1
1-butyl-3-methylimidazolium bromide,CCCCn1cc[n+](C)c1.[Br-],NIST_XML_SetB,C8H15BrN2,219.125999999999,3,316.7,CCCCn1cc[n+](C)c1.[Br-]
nickelocene,[Ni+2].c1cc[cH-]c1.c1cc[cH-]c1,NIST_XML_SetB,C10H10Ni,188.882999999999,0,173.9,[Ni+2].c1cc[cH-]c1.c1cc[cH-]c1
"1,2,3-propanetriyl tridecanoate",CCCCCCCCCC(=O)OCC(COC(=O)CCCCCCCCC)OC(=O)CCCCCCCCC,NIST_XML_SetB,C33H62O6,554.853,29,1093.0,CCCCCCCCCC(=O)OCC(COC(=O)CCCCCCCCC)OC(=O)CCCCCCCCC
1-butyl-1-methylpyrrolidinium dicyanamide,CCCC[N+]1(C)CCCC1.N#C[N-]C#N,NIST_XML_SetB,C11H20N4,208.309,3,502.0,CCCC[N+]1(C)CCCC1.N#C[N-]C#N
"1,5-dichloropentane",ClCCCCCCl,NIST_XML_SetB,C5H10Cl2,141.041,4,212.94,ClCCCCCCl
N-formylmorpholine,O=CN1CCOCC1,NIST_XML_SetB,C5H9NO2,115.131999999999,1,185.0,O=CN1CCOCC1
trihexyl(tetradecyl)phosphonium octanoate,CCCCCCCC(=O)[O-].CCCCCCCCCCCCCC[P+](CCCCCC)(CCCCCC)CCCCCC,NIST_XML_SetB,C40H83O2P,627.076,34,1150.654331135,CCCCCCCC(=O)[O-].CCCCCCCCCCCCCC[P+](CCCCCC)(CCCCCC)CCCCCC
1-octyl-3-methylimidazolium bis[(trifluoromethyl)sulfonyl]imide,CCCCCCCCn1cc[n+](C)c1.O=S(=O)([N-]S(=O)(=O)C(F)(F)F)C(F)(F)F,NIST_XML_SetB,C14H23F6N3O4S2,475.477,9,690.2,CCCCCCCCn1cc[n+](C)c1.O=S(=O)([N-]S(=O)(=O)C(F)(F)F)C(F)(F)F
"1,2-dimethoxypropane",COCC(C)OC,NIST_XML_SetB,C5H12O2,104.148999999999,3,216.5,COCC(C)OC
ethanol,CCO,NIST_XML_SetB,C2H6O,46.069,0,112.03,CCO
N-(2-aminoethyl)ethanolamine,NCCNCCO,NIST_XML_SetB,C4H12N2O,104.152999999999,4,279.0,NCCNCCO
1-butyl-3-methylpyridinium tetracyanoborate,CCCC[n+]1cccc(C)c1.N#C[B-](C#N)(C#N)C#N,NIST_XML_SetB,C14H16BN5,265.128999999999,3,495.0,CCCC[n+]1cccc(C)c1.N#C[B-](C#N)(C#N)C#N
(+)-fenchone,CC1(C)C(=O)[C@@]2(C)CC[C@@H]1C2,NIST_XML_SetB,C10H16O,152.237,0,269.8,CC1(C)C(=O)[C@@]2(C)CC[C@@H]1C2
hex-1-ene,C=CCCCC,NIST_XML_SetB,C6H12,84.162,3,179.2,C=CCCCC
trihexyl(tetradecyl)phosphonium hexanoate,CCCCCC(=O)[O-].CCCCCCCCCCCCCC[P+](CCCCCC)(CCCCCC)CCCCCC,NIST_XML_SetB,C38H79O2P,599.022,32,1141.706238426,CCCCCC(=O)[O-].CCCCCCCCCCCCCC[P+](CCCCCC)(CCCCCC)CCCCCC
1-iodoheptane,CCCCCCCI,NIST_XML_SetB,C7H15I,226.101,5,249.83880935,CCCCCCCI
2-decyl-1-ethylpyridin-1-ium bis((trifluoromethyl)sulfonyl)imide,CCCCCCCCCCc1cccc[n+]1CC.O=S(=O)([N-]S(=O)(=O)C(F)(F)F)C(F)(F)F,NIST_XML_SetB,C19H30F6N2O4S2,528.581,12,811.2,CCCCCCCCCCc1cccc[n+]1CC.O=S(=O)([N-]S(=O)(=O)C(F)(F)F)C(F)(F)F
exo-tetrahydrodicyclopentadiene,C1C[C@@H]2[C@H]3CC[C@H](C3)[C@@H]2C1,NIST_XML_SetB,C10H16,136.238,0,219.49,C1C[C@@H]2[C@H]3CC[C@H](C3)[C@@H]2C1
dodecan-1-ol,CCCCCCCCCCCCO,NIST_XML_SetB,C12H26O,186.338999999999,10,441.9,CCCCCCCCCCCCO
1-ethyl-3-methylimidazolium bis((trifluoromethyl)sulfonyl)imide,CCn1cc[n+](C)c1.O=S(=O)([N-]S(=O)(=O)C(F)(F)F)C(F)(F)F,NIST_XML_SetB,C8H11F6N3O4S2,391.315,3,505.7,CCn1cc[n+](C)c1.O=S(=O)([N-]S(=O)(=O)C(F)(F)F)C(F)(F)F
butan-1-ol,CCCCO,NIST_XML_SetB,C4H10O,74.1229999999999,2,177.1,CCCCO
1-butyl-3-methylimidazolium tetrafluoroborate,CCCCn1cc[n+](C)c1.F[B-](F)(F)F,NIST_XML_SetB,C8H15BF4N2,226.025999999999,3,366.7,CCCCn1cc[n+](C)c1.F[B-](F)(F)F
1-bromoheptane,CCCCCCCBr,NIST_XML_SetB,C7H15Br,179.101,5,249.393965,CCCCCCCBr
1-ethyladamantane,CCC12CC3CC(CC(C3)C1)C2,NIST_XML_SetB,C12H20,164.292,1,258.45,CCC12CC3CC(CC(C3)C1)C2
"1,2-ethanediol",OCCO,NIST_XML_SetB,C2H6O2,62.068,1,149.69,OCCO
nitromethane,C[N+](=O)[O-],NIST_XML_SetB,CH3NO2,61.04,0,106.9,C[N+](=O)[O-]
"1,2-diethoxyethane",CCOCCOCC,NIST_XML_SetB,C6H14O2,118.176,5,257.5,CCOCCOCC
1-butyl-3-methylimidazolium methyl sulfate,CCCCn1cc[n+](C)c1.COS(=O)(=O)[O-],NIST_XML_SetB,C9H18N2O4S,250.319999999999,4,416.2,CCCCn1cc[n+](C)c1.COS(=O)(=O)[O-]
1-bromo-3-chloropropane,ClCCCBr,NIST_XML_SetB,C3H6BrCl,157.438,2,163.73,ClCCCBr
1-hexyl-3-methylimidazolium tetrafluoroborate,CCCCCCn1cc[n+](C)c1.F[B-](F)(F)F,NIST_XML_SetB,C10H19BF4N2,254.079999999999,5,427.8,CCCCCCn1cc[n+](C)c1.F[B-](F)(F)F
3-methyl-6-isopropylphenol,Cc1ccc(C(C)C)c(O)c1,NIST_XML_SetB,C10H14O,150.220999999999,1,343.39734216,Cc1ccc(C(C)C)c(O)c1
1-decanamine,CCCCCCCCCCN,NIST_XML_SetB,C10H23N,157.301,8,372.55,CCCCCCCCCCN
2-(ethylamino)ethanol,CCNCCO,NIST_XML_SetB,C4H11NO,89.1379999999999,3,227.7,CCNCCO
1-ethyl-3-methylimidazolium dicyanamide,CCn1cc[n+](C)c1.N#C[N-]C#N,NIST_XML_SetB,C8H11N5,177.211,1,314.63109814656,CCn1cc[n+](C)c1.N#C[N-]C#N
1-chlorohexane,CCCCCCCl,NIST_XML_SetB,C6H13Cl,120.623,4,204.33048328,CCCCCCCl
1-ethyl-2-nonylpyridin-1-ium bis((trifluoromethyl)sulfonyl)imide,CCCCCCCCCc1cccc[n+]1CC.O=S(=O)([N-]S(=O)(=O)C(F)(F)F)C(F)(F)F,NIST_XML_SetB,C18H28F6N2O4S2,514.554,11,778.5,CCCCCCCCCc1cccc[n+]1CC.O=S(=O)([N-]S(=O)(=O)C(F)(F)F)C(F)(F)F
ethyl dodecanoate,CCCCCCCCCCCC(=O)OCC,NIST_XML_SetB,C14H28O2,228.375999999999,11,459.0255492,CCCCCCCCCCCC(=O)OCC
1-bromohexane,CCCCCCBr,NIST_XML_SetB,C6H13Br,165.074,4,219.660538594,CCCCCCBr
"1-hexyl-2,3-dimethylimidazolium bis[(trifluoromethyl)sulfonyl]imide",CCCCCCn1cc[n+](C)c1C.O=S(=O)([N-]S(=O)(=O)C(F)(F)F)C(F)(F)F,NIST_XML_SetB,C13H21F6N3O4S2,461.45,7,686.0,CCCCCCn1cc[n+](C)c1C.O=S(=O)([N-]S(=O)(=O)C(F)(F)F)C(F)(F)F
tetrabutylphosphonium L-cysteinate,CCCC[P+](CCCC)(CCCC)CCCC.N[C@@H](CS)C(=O)[O-],NIST_XML_SetB,C19H42NO2PS,379.591,14,919.8,CCCC[P+](CCCC)(CCCC)CCCC.N[C@@H](CS)C(=O)[O-]
1-bromobutane,CCCCBr,NIST_XML_SetB,C4H9Br,137.019999999999,2,162.6,CCCCBr
tetrabutylammonium docusate,CCCCC(CC)COC(=O)CC(C(=O)OCC(CC)CCCC)S(=O)(=O)[O-].CCCC[N+](CCCC)(CCCC)CCCC,NIST_XML_SetB,C36H73NO7S,664.046999999999,28,1325.0,CCCCC(CC)COC(=O)CC(C(=O)OCC(CC)CCCC)S(=O)(=O)[O-].CCCC[N+](CCCC)(CCCC)CCCC
1-benzyl-3-butylimidazolium bis(trifluoromethylsulfonyl)imide,CCCC[n+]1ccn(Cc2ccccc2)c1.O=S(=O)([N-]S(=O)(=O)C(F)(F)F)C(F)(F)F,NIST_XML_SetB,C16H19F6N3O4S2,495.467,7,556.21,CCCC[n+]1ccn(Cc2ccccc2)c1.O=S(=O)([N-]S(=O)(=O)C(F)(F)F)C(F)(F)F
2-methylbutan-2-ol,CCC(C)(C)O,NIST_XML_SetB,C5H12O,88.1499999999999,1,251.1,CCC(C)(C)O
diethylene glycol,OCCOCCO,NIST_XML_SetB,C4H10O3,106.120999999999,4,248.2,OCCOCCO
chlorobenzene,Clc1ccccc1,NIST_XML_SetB,C6H5Cl,112.559,0,150.73,Clc1ccccc1
decan-1-ol,CCCCCCCCCCO,NIST_XML_SetB,C10H22O,158.285,8,373.9,CCCCCCCCCCO
3-methyl-2-butanol,CC(C)C(C)O,NIST_XML_SetB,C5H12O,88.1499999999999,1,249.5,CC(C)C(C)O
1-bromodecane,CCCCCCCCCCBr,NIST_XML_SetB,C10H21Br,221.182,8,334.376507332,CCCCCCCCCCBr
"1,6-hexanediamine",NCCCCCCN,NIST_XML_SetB,C6H16N2,116.208,5,301.08,NCCCCCCN
1H-imidazolium octanoate,CCCCCCCC(=O)O.c1c[nH]cn1,NIST_XML_SetB,C11H20N2O2,212.293,6,769.0,CCCCCCCC(=O)O.c1c[nH]cn1
"1-(2-hydroxyethyl)-3-methyl-1H-imidazolium 2,2,2-trifluoroacetate",C[n+]1ccn(CCO)c1.O=C([O-])C(F)(F)F,NIST_XML_SetB,C8H11F3N2O3,240.180999999999,2,367.0,C[n+]1ccn(CCO)c1.O=C([O-])C(F)(F)F
"hexanoic acid, hexyl ester",CCCCCCOC(=O)CCCCC,NIST_XML_SetB,C12H24O2,200.321999999999,9,394.915,CCCCCCOC(=O)CCCCC
tetrabutylphosphonium 2-aminoethanesulfonate,CCCC[P+](CCCC)(CCCC)CCCC.NCCS(=O)(=O)[O-],NIST_XML_SetB,C18H42NO3PS,383.579,14,994.6,CCCC[P+](CCCC)(CCCC)CCCC.NCCS(=O)(=O)[O-]
pentaerythritol tetraheptanoate,CCCCCCC(=O)OCC(COC(=O)CCCCCC)(COC(=O)CCCCCC)COC(=O)CCCCCC,NIST_XML_SetB,C33H60O8,584.835,28,1066.7202528,CCCCCCC(=O)OCC(COC(=O)CCCCCC)(COC(=O)CCCCCC)COC(=O)CCCCCC
2-nonanol,CCCCCCCC(C)O,NIST_XML_SetB,C9H20O,144.258,6,356.308615,CCCCCCCC(C)O
1-bromo-4-chlorobutane,ClCCCCBr,NIST_XML_SetB,C4H8BrCl,171.465,3,191.68,ClCCCCBr
tetrabutylphosphonium L-serinate,CCCC[P+](CCCC)(CCCC)CCCC.N[C@@H](CO)C(=O)[O-],NIST_XML_SetB,C19H42NO3P,363.523,14,748.5,CCCC[P+](CCCC)(CCCC)CCCC.N[C@@H](CO)C(=O)[O-]
1-(2-methoxyethyl)-1-methylpyrrolidinium bis((trifluoromethyl)sulfonyl)amide,COCC[N+]1(C)CCCC1.O=S(=O)([N-]S(=O)(=O)C(F)(F)F)C(F)(F)F,NIST_XML_SetB,C10H18F6N2O5S2,424.385,5,582.3,COCC[N+]1(C)CCCC1.O=S(=O)([N-]S(=O)(=O)C(F)(F)F)C(F)(F)F
3-octanol,CCCCCC(O)CC,NIST_XML_SetB,C8H18O,130.231,5,339.8948712,CCCCCC(O)CC
2-methylpropane,CC(C)C,NIST_XML_SetB,C4H10,58.124,0,97.296,CC(C)C
2-methylpiperidine,CC1CCCCN1,NIST_XML_SetB,C6H13N,99.1769999999999,0,218.0,CC1CCCCN1
"1-butyl-3-methylpyridinium 1,1,1-trifluoro-N-[(trifluoromethyl)sulfonyl]methanesulfonamide",CCCC[n+]1cccc(C)c1.O=S(=O)([N-]S(=O)(=O)C(F)(F)F)C(F)(F)F,NIST_XML_SetB,C12H16F6N2O4S2,430.392,5,578.0123453456,CCCC[n+]1cccc(C)c1.O=S(=O)([N-]S(=O)(=O)C(F)(F)F)C(F)(F)F
L-menthol,CC(C)[C@@H]1CC[C@@H](C)C[C@H]1O,NIST_XML_SetB,C10H20O,156.269,1,376.1,CC(C)[C@@H]1CC[C@@H](C)C[C@H]1O
heptafluoropropyl methyl ether,COC(F)(F)C(F)(F)C(F)(F)F,NIST_XML_SetB,C4H3F7O,200.053,2,257.6706370112,COC(F)(F)C(F)(F)C(F)(F)F
4-chlorotoluene,Cc1ccc(Cl)cc1,NIST_XML_SetB,C7H7Cl,126.586,0,177.95,Cc1ccc(Cl)cc1
trihexyl(tetradecyl)phosphonium butyrate,CCCC(=O)[O-].CCCCCCCCCCCCCC[P+](CCCCCC)(CCCCCC)CCCCCC,NIST_XML_SetB,C36H75O2P,570.968,30,1112.787905689,CCCC(=O)[O-].CCCCCCCCCCCCCC[P+](CCCCCC)(CCCCCC)CCCCCC
methyl hexanoate,CCCCCC(=O)OC,NIST_XML_SetB,C7H14O2,130.187,4,246.4,CCCCCC(=O)OC
"1,2-diethylpyridinium ethylsulfate",CCOS(=O)(=O)[O-].CCc1cccc[n+]1CC,NIST_XML_SetB,C11H19NO4S,261.342999999999,4,412.0,CCOS(=O)(=O)[O-].CCc1cccc[n+]1CC
benzylferrocene,[Fe+2].c1cc[cH-]c1.c1ccc(Cc2ccc[cH-]2)cc1,NIST_XML_SetB,C17H16Fe,276.159999999999,2,429.9,[Fe+2].c1cc[cH-]c1.c1ccc(Cc2ccc[cH-]2)cc1
2-hydroxy-N-methylethanaminium propionate,CCC(=O)O.CNCCO,NIST_XML_SetB,C6H15NO3,149.19,3,328.2,CCC(=O)O.CNCCO
"3,6-dioxa-1-decanol",CCCCOCCOCCO,NIST_XML_SetB,C8H18O3,162.229,8,360.2,CCCCOCCOCCO
"1-hexyl-3-methyl-4-(dimethylamino)pyridinium 1,1,1-trifluoro-N-[(trifluoromethyl)sulfonyl]methanesulfonamide",CCCCCCn1ccc(=[N+](C)C)c(C)c1.O=S(=O)([N-]S(=O)(=O)C(F)(F)F)C(F)(F)F,NIST_XML_SetB,C16H25F6N3O4S2,501.515,7,725.0,CCCCCCn1ccc(=[N+](C)C)c(C)c1.O=S(=O)([N-]S(=O)(=O)C(F)(F)F)C(F)(F)F
"1,4-dichlorobenzene",Clc1ccc(Cl)cc1,NIST_XML_SetB,C6H4Cl2,147.004,0,175.98,Clc1ccc(Cl)cc1
"1,8-octanediol",OCCCCCCCCO,NIST_XML_SetB,C8H18O2,146.23,7,371.35,OCCCCCCCCO
"4-methyl-cyclohex-4-ene-1, 2-dicarboxylic acid anhydride",CC1=CCC2C(=O)OC(=O)C2C1,NIST_XML_SetB,C9H10O3,166.175999999999,0,308.51,CC1=CCC2C(=O)OC(=O)C2C1
o-terphenyl,c1ccc(-c2ccccc2-c2ccccc2)cc1,NIST_XML_SetB,C18H14,230.309999999999,2,370.0,c1ccc(-c2ccccc2-c2ccccc2)cc1
diethyl carbonate,CCOC(=O)OCC,NIST_XML_SetB,C5H10O3,118.131999999999,2,212.461145972,CCOC(=O)OCC
1-methyl-3-octylimidazolium L-asparaginate,CCCCCCCCn1cc[n+](C)c1.N=C([O-])C[C@H](N)C(=O)O,NIST_XML_SetB,C16H30N4O3,326.441,10,654.0,CCCCCCCCn1cc[n+](C)c1.N=C([O-])C[C@H](N)C(=O)O
methanol-d3,[2H]C([2H])([2H])O,NIST_XML_SetB,CH4O,35.0603053339999,0,84.91,[2H]C([2H])([2H])O
methanol-d4,[2H]OC([2H])([2H])[2H],NIST_XML_SetB,CH4O,36.0664071119999,0,87.75,[2H]OC([2H])([2H])[2H]
methanol,CO,NIST_XML_SetB,CH4O,32.042,0,81.0,CO
"17-hydroxy-N-(17-hydroxy-3,6,9,12,15-pentaoxaheptadec-1-yl)-N-methyl-N-tetradecyl-3,6,9,12,15-pentaoxaheptadecan-1-aminium methyl sulfate",CCCCCCCCCCCCCC[N+](C)(CCOCCOCCOCCOCCOCCO)CCOCCOCCOCCOCCOCCO.COS(=O)(=O)[O-],NIST_XML_SetB,C40H85NO16S,868.178,48,1066.0,CCCCCCCCCCCCCC[N+](C)(CCOCCOCCOCCOCCOCCO)CCOCCOCCOCCOCCOCCO.COS(=O)(=O)[O-]
2-methoxy-1-(2-methoxy-1-methylethoxy)propane,COCC(C)OCC(C)OC,NIST_XML_SetB,C8H18O3,162.228999999999,6,321.8,COCC(C)OCC(C)OC
"3,5-diethyl-1-hexyl-2-propylpyridinium 1,1,1-trifluoro-N-[(trifluoromethyl)sulfonyl]methanesulfonamide",CCCCCC[n+]1cc(CC)cc(CC)c1CCC.O=S(=O)([N-]S(=O)(=O)C(F)(F)F)C(F)(F)F,NIST_XML_SetB,C20H32F6N2O4S2,542.608,11,766.0,CCCCCC[n+]1cc(CC)cc(CC)c1CCC.O=S(=O)([N-]S(=O)(=O)C(F)(F)F)C(F)(F)F
3-chlorotoluene,Cc1cccc(Cl)c1,NIST_XML_SetB,C7H7Cl,126.586,0,176.46,Cc1cccc(Cl)c1
methyl 2-hydroxybenzoate,COC(=O)c1ccccc1O,NIST_XML_SetB,C8H8O3,152.148999999999,1,244.3,COC(=O)c1ccccc1O
"1,2-diethylpyridin-1-ium bis((trifluoromethyl)sulfonyl)imide",CCc1cccc[n+]1CC.O=S(=O)([N-]S(=O)(=O)C(F)(F)F)C(F)(F)F,NIST_XML_SetB,C11H14F6N2O4S2,416.365,4,566.1,CCc1cccc[n+]1CC.O=S(=O)([N-]S(=O)(=O)C(F)(F)F)C(F)(F)F
5-methylfurfural,Cc1ccc(C=O)o1,NIST_XML_SetB,C6H6O2,110.112,1,192.47339872,Cc1ccc(C=O)o1
"1,4-diisocyanatobutane",O=C=NCCCCN=C=O,NIST_XML_SetB,C6H8N2O2,140.142,5,225.1,O=C=NCCCCN=C=O
"1,6-dichlorohexane",ClCCCCCCCl,NIST_XML_SetB,C6H12Cl2,155.068,5,240.64,ClCCCCCCCl
3-methylbenzaldehyde,Cc1cccc(C=O)c1,NIST_XML_SetB,C8H8O,120.150999999999,1,205.93456328,Cc1cccc(C=O)c1
"2,3-butanediol",CC(O)C(C)O,NIST_XML_SetB,C4H10O2,90.122,1,236.67,CC(O)C(C)O
"1,2-dibromoethane",BrCCBr,NIST_XML_SetB,C2H4Br2,187.862,1,136.89,BrCCBr
N-methylpiperidine,CN1CCCCC1,NIST_XML_SetB,C6H13N,99.177,0,181.5,CN1CCCCC1
aniline,Nc1ccccc1,NIST_XML_SetB,C6H7N,93.129,0,191.33,Nc1ccccc1
"1,2,4-trichlorobenzene",Clc1ccc(Cl)c(Cl)c1,NIST_XML_SetB,C6H3Cl3,181.448999999999,0,194.9,Clc1ccc(Cl)c(Cl)c1
1-bromododecane,CCCCCCCCCCCCBr,NIST_XML_SetB,C12H25Br,249.235999999999,10,399.29282489,CCCCCCCCCCCCBr
1-bromo-5-chloropentane,ClCCCCCBr,NIST_XML_SetB,C5H10BrCl,185.492,4,220.72,ClCCCCCBr
3-methylbutan-1-ol,CC(C)CCO,NIST_XML_SetB,C5H12O,88.1499999999999,2,209.3,CC(C)CCO
trielaidin,CCCCCCCC/C=C/CCCCCCCC(=O)OCC(COC(=O)CCCCCCC/C=C/CCCCCCCC)OC(=O)CCCCCCC/C=C/CCCCCCCC,NIST_XML_SetB,C57H104O6,885.452999999999,50,1877.1159672,CCCCCCCC/C=C/CCCCCCCC(=O)OCC(COC(=O)CCCCCCC/C=C/CCCCCCCC)OC(=O)CCCCCCC/C=C/CCCCCCCC
"ethane-1,2-diamine",NCCN,NIST_XML_SetB,C2H8N2,60.0999999999999,1,172.66,NCCN
1-methyl-3-pentylimidazolium bis(trifluoromethylsulfonyl)imide,CCCCCn1cc[n+](C)c1.O=S(=O)([N-]S(=O)(=O)C(F)(F)F)C(F)(F)F,NIST_XML_SetB,C11H17F6N3O4S2,433.396,6,595.6,CCCCCn1cc[n+](C)c1.O=S(=O)([N-]S(=O)(=O)C(F)(F)F)C(F)(F)F
"ethanol, 2-[2-[2-(pentyloxy)ethoxy]ethoxy]-",CCCCCOCCOCCOCCO,NIST_XML_SetB,C11H24O4,220.308999999999,12,479.71601015,CCCCCOCCOCCOCCO
1-ethyl-2-propylpyridin-1-ium bis((trifluoromethyl)sulfonyl)imide,CCCc1cccc[n+]1CC.O=S(=O)([N-]S(=O)(=O)C(F)(F)F)C(F)(F)F,NIST_XML_SetB,C12H16F6N2O4S2,430.392,5,593.9,CCCc1cccc[n+]1CC.O=S(=O)([N-]S(=O)(=O)C(F)(F)F)C(F)(F)F
"3-methyl-N,N-bis(3-methylphenyl)benzenamine",Cc1cccc(N(c2cccc(C)c2)c2cccc(C)c2)c1,NIST_XML_SetB,C21H21N,287.406,3,1250.843098814,Cc1cccc(N(c2cccc(C)c2)c2cccc(C)c2)c1
3-chlorobenzenamine,Nc1cccc(Cl)c1,NIST_XML_SetB,C6H6ClN,127.574,0,204.0,Nc1cccc(Cl)c1
3-(2-azido-3-(1-methyl-1H-imidazol-3-ium-3-yl)propyl)-1-vinyl-1H-imidazol-3-ium di(dicyanamide),C=C[n+]1ccn(CC(Cn2cc[n+](C)c2)N=[N+]=[N-])c1.N#C[N-]C#N.N#C[N-]C#N,NIST_XML_SetB,C16H17N13,391.403,6,400.0,C=C[n+]1ccn(CC(Cn2cc[n+](C)c2)N=[N+]=[N-])c1.N#C[N-]C#N.N#C[N-]C#N
1-butyl-4-methylpyridinium bis((trifluoromethyl)sulfonyl)amide,CCCC[n+]1ccc(C)cc1.O=S(=O)([N-]S(=O)(=O)C(F)(F)F)C(F)(F)F,NIST_XML_SetB,C12H16F6N2O4S2,430.392,5,636.0,CCCC[n+]1ccc(C)cc1.O=S(=O)([N-]S(=O)(=O)C(F)(F)F)C(F)(F)F
1-isobutyl-1-methylpyrrolidinium bis((trifluoromethyl)sulfonyl)imide,CC(C)C[N+]1(C)CCCC1.O=S(=O)([N-]S(=O)(=O)C(F)(F)F)C(F)(F)F,NIST_XML_SetB,C11H20F6N2O4S2,422.413,4,582.0809788976,CC(C)C[N+]1(C)CCCC1.O=S(=O)([N-]S(=O)(=O)C(F)(F)F)C(F)(F)F
"2,6,10,15,19,23-hexamethyltetracosane",CC(C)CCCC(C)CCCC(C)CCCCC(C)CCCC(C)CCCC(C)C,NIST_XML_SetB,C30H62,422.826,21,879.0,CC(C)CCCC(C)CCCC(C)CCCCC(C)CCCC(C)CCCC(C)C
butyl octanoate,CCCCCCCC(=O)OCCCC,NIST_XML_SetB,C12H24O2,200.321999999999,9,397.4092,CCCCCCCC(=O)OCCCC
"4-(dimethylamino)-1-hexyl-pyridinium 1,1,1-trifluoro-N-[(trifluoromethyl)sulfonyl]methanesulfonamide",CCCCCCn1ccc(=[N+](C)C)cc1.O=S(=O)([N-]S(=O)(=O)C(F)(F)F)C(F)(F)F,NIST_XML_SetB,C15H23F6N3O4S2,487.488,7,662.977368512,CCCCCCn1ccc(=[N+](C)C)cc1.O=S(=O)([N-]S(=O)(=O)C(F)(F)F)C(F)(F)F
"1,3-butanediol",CC(O)CCO,NIST_XML_SetB,C4H10O2,90.1219999999999,2,219.62,CC(O)CCO
N-methylpiperazine,CN1CCNCC1,NIST_XML_SetB,C5H12N2,100.165,0,213.9,CN1CCNCC1
octyl butanoate,CCCCCCCCOC(=O)CCC,NIST_XML_SetB,C12H24O2,200.321999999999,9,383.2754,CCCCCCCCOC(=O)CCC
"1,7-diaminoheptane",NCCCCCCCN,NIST_XML_SetB,C7H18N2,130.235,6,332.76,NCCCCCCCN
"4,6-dimethyl-N-phenylpyrimidin-2-amine dodecanoate",CCCCCCCCCCCC(=O)O.Cc1cc(C)nc(Nc2ccccc2)n1,NIST_XML_SetB,C24H37N3O2,399.579,12,830.56,CCCCCCCCCCCC(=O)O.Cc1cc(C)nc(Nc2ccccc2)n1
bromobenzene,Brc1ccccc1,NIST_XML_SetB,C6H5Br,157.01,0,154.35,Brc1ccccc1
1-bromo-2-chlorobenzene,Clc1ccccc1Br,NIST_XML_SetB,C6H4BrCl,191.455,0,174.78,Clc1ccccc1Br
cycloheptanol,OC1CCCCCC1,NIST_XML_SetB,C7H14O,114.187999999999,0,252.3,OC1CCCCCC1
1-hexylquinolinium bis(trifluoromethylsulfonyl)amide,CCCCCC[n+]1cccc2ccccc21.O=S(=O)([N-]S(=O)(=O)C(F)(F)F)C(F)(F)F,NIST_XML_SetB,C17H20F6N2O4S2,494.479,7,783.96,CCCCCC[n+]1cccc2ccccc21.O=S(=O)([N-]S(=O)(=O)C(F)(F)F)C(F)(F)F
1-butyl-nicotinic acid butyl ester bis[(trifluoromethyl)sulfonyl]imide,CCCCOC(=O)c1ccc[n+](CCCC)c1.O=S(=O)([N-]S(=O)(=O)C(F)(F)F)C(F)(F)F,NIST_XML_SetB,C16H22F6N2O6S2,516.482,9,707.0,CCCCOC(=O)c1ccc[n+](CCCC)c1.O=S(=O)([N-]S(=O)(=O)C(F)(F)F)C(F)(F)F
methyl eicosanoate,CCCCCCCCCCCCCCCCCCCC(=O)OC,NIST_XML_SetB,C21H42O2,326.565,18,714.47,CCCCCCCCCCCCCCCCCCCC(=O)OC
"N-methyl-1,3-diaminopropane",CNCCCN,NIST_XML_SetB,C4H12N2,88.154,3,243.5,CNCCCN
"1-hexyl-4-(4-methyl-1-piperidinyl)pyridinium 1,1,1-trifluoro-N-[(trifluoromethyl)sulfonyl]methanesulfonamide",CCCCCCn1ccc(=[N+]2CCC(C)CC2)cc1.O=S(=O)([N-]S(=O)(=O)C(F)(F)F)C(F)(F)F,NIST_XML_SetB,C19H29F6N3O4S2,541.58,7,628.0,CCCCCCn1ccc(=[N+]2CCC(C)CC2)cc1.O=S(=O)([N-]S(=O)(=O)C(F)(F)F)C(F)(F)F
hexylcyclohexane,CCCCCCC1CCCCC1,NIST_XML_SetB,C12H24,168.323999999999,5,330.24179952,CCCCCCC1CCCCC1
"N,N-dibutyl-N-methylbutanaminium L-serinate",CCCC[N+](C)(CCCC)CCCC.N[C@@H](CO)C(=O)[O-],NIST_XML_SetB,C16H36N2O3,304.474999999999,11,634.8,CCCC[N+](C)(CCCC)CCCC.N[C@@H](CO)C(=O)[O-]
octadecanoic acid,CCCCCCCCCCCCCCCCCC(=O)O,NIST_XML_SetB,C18H36O2,284.483999999999,16,648.6081072,CCCCCCCCCCCCCCCCCC(=O)O
2-cyclohexylethanol,OCCC1CCCCC1,NIST_XML_SetB,C8H16O,128.215,2,261.91,OCCC1CCCCC1
ethyl tridecanoate,CCCCCCCCCCCCC(=O)OCC,NIST_XML_SetB,C15H30O2,242.402999999999,12,496.0,CCCCCCCCCCCCC(=O)OCC
"(S)-3,7-dimethyl-6-octen-1-ol",CC(C)=CCC[C@H](C)CCO,NIST_XML_SetB,C10H20O,156.269,5,357.9,CC(C)=CCC[C@H](C)CCO
propyl levulinate,CCCOC(=O)CCC(C)=O,NIST_XML_SetB,C8H14O3,158.197,5,319.87020912,CCCOC(=O)CCC(C)=O
1-butyl-3-methylimidazolium trifluoroacetate,CCCCn1cc[n+](C)c1.O=C([O-])C(F)(F)F,NIST_XML_SetB,C10H15F3N2O2,252.235999999999,3,407.9,CCCCn1cc[n+](C)c1.O=C([O-])C(F)(F)F
2-methyl-1-butanol,CCC(C)CO,NIST_XML_SetB,C5H12O,88.1499999999999,2,215.0,CCC(C)CO
acetic acid,CC(=O)O,NIST_XML_SetB,C2H4O2,60.052,0,135.5,CC(=O)O
1-benzyl-3-methylimidazolium tetrafluoroborate,C[n+]1ccn(Cc2ccccc2)c1.F[B-](F)(F)F,NIST_XML_SetB,C11H13BF4N2,260.043,2,417.35,C[n+]1ccn(Cc2ccccc2)c1.F[B-](F)(F)F
4-nitrobenzenesulfonamide,NS(=O)(=O)c1ccc([N+](=O)[O-])cc1,NIST_XML_SetB,C6H6N2O4S,202.191,2,219.98154496,NS(=O)(=O)c1ccc([N+](=O)[O-])cc1
1-methylpyridinium methylsulfate,COS(=O)(=O)[O-].C[n+]1ccccc1,NIST_XML_SetB,C7H11NO4S,205.234999999999,1,299.0,COS(=O)(=O)[O-].C[n+]1ccccc1
1-hexyl-3-methylimidazolium trifluoromethanesulfonate,CCCCCCn1cc[n+](C)c1.O=S(=O)([O-])C(F)(F)F,NIST_XML_SetB,C11H19F3N2O3S,316.345,5,493.0,CCCCCCn1cc[n+](C)c1.O=S(=O)([O-])C(F)(F)F
1-ethyl-2-hexylpyridin-1-ium bis((trifluoromethyl)sulfonyl)imide,CCCCCCc1cccc[n+]1CC.O=S(=O)([N-]S(=O)(=O)C(F)(F)F)C(F)(F)F,NIST_XML_SetB,C15H22F6N2O4S2,472.473,8,685.5,CCCCCCc1cccc[n+]1CC.O=S(=O)([N-]S(=O)(=O)C(F)(F)F)C(F)(F)F
1-hexyl-3-methylimidazolium bis[(trifluoromethyl)sulfonyl]imide,CCCCCCn1cc[n+](C)c1.O=S(=O)([N-]S(=O)(=O)C(F)(F)F)C(F)(F)F,NIST_XML_SetB,C12H19F6N3O4S2,447.423,7,629.2,CCCCCCn1cc[n+](C)c1.O=S(=O)([N-]S(=O)(=O)C(F)(F)F)C(F)(F)F
tributylethylphosphonium diethylphosphate,CCCC[P+](CC)(CCCC)CCCC.CCOP(=O)([O-])OCC,NIST_XML_SetB,C18H42O4P2,384.478,14,706.0,CCCC[P+](CC)(CCCC)CCCC.CCOP(=O)([O-])OCC
bromoethane,CCBr,NIST_XML_SetB,C2H5Br,108.966,0,107.42,CCBr
anisole,COc1ccccc1,NIST_XML_SetB,C7H8O,108.139999999999,1,191.539,COc1ccccc1
"N,N-dibutyl-N-methyl-1-butanaminium 2-aminoethanesulfonate",CCCC[N+](C)(CCCC)CCCC.NCCS(=O)(=O)[O-],NIST_XML_SetB,C15H36N2O3S,324.531,11,826.9,CCCC[N+](C)(CCCC)CCCC.NCCS(=O)(=O)[O-]
1-hexyl-3-methylimidazolium tris(pentafluoroethyl)trifluorophosphate,CCCCCCn1cc[n+](C)c1.FC(F)(F)C(F)(F)[P-](F)(F)(F)(C(F)(F)C(F)(F)F)C(F)(F)C(F)(F)F,NIST_XML_SetB,C16H19F18N2P,612.28,8,729.846,CCCCCCn1cc[n+](C)c1.FC(F)(F)C(F)(F)[P-](F)(F)(F)(C(F)(F)C(F)(F)F)C(F)(F)C(F)(F)F
1-pentadecanol,CCCCCCCCCCCCCCCO,NIST_XML_SetB,C15H32O,228.419999999999,13,571.9,CCCCCCCCCCCCCCCO
"1,2,3-trichlorobenzene",Clc1cccc(Cl)c1Cl,NIST_XML_SetB,C6H3Cl3,181.448999999999,0,201.44,Clc1cccc(Cl)c1Cl
1-octylpyridinium bis((trifluoromethyl)sulfonyl)amide,CCCCCCCC[n+]1ccccc1.O=S(=O)([N-]S(=O)(=O)C(F)(F)F)C(F)(F)F,NIST_XML_SetB,C15H22F6N2O4S2,472.473,9,620.8238444688,CCCCCCCC[n+]1ccccc1.O=S(=O)([N-]S(=O)(=O)C(F)(F)F)C(F)(F)F
4-tert-butylphenyl phenyl ether,CC(C)(C)c1ccc(Oc2ccccc2)cc1,NIST_XML_SetB,C16H18O,226.318999999999,2,384.37804056,CC(C)(C)c1ccc(Oc2ccccc2)cc1
"1,2-dichlorobenzene",Clc1ccccc1Cl,NIST_XML_SetB,C6H4Cl2,147.004,0,170.47,Clc1ccccc1Cl
2-methyl-3-hexanol,CCCC(O)C(C)C,NIST_XML_SetB,C7H16O,116.203999999999,3,327.4,CCCC(O)C(C)C
ethyl decanoate,CCCCCCCCCC(=O)OCC,NIST_XML_SetB,C12H24O2,200.321999999999,9,403.5,CCCCCCCCCC(=O)OCC
2-isopropylaminoethanol,CC(C)NCCO,NIST_XML_SetB,C5H13NO,103.164999999999,3,260.1,CC(C)NCCO
N-octyl-3-methylpyridinium tetrafluoroborate,CCCCCCCC[n+]1cccc(C)c1.F[B-](F)(F)F,NIST_XML_SetB,C14H24BF4N,293.157,7,450.5,CCCCCCCC[n+]1cccc(C)c1.F[B-](F)(F)F
1-dodecyl-3-methyl-1H-imidazolium bis(trifluoromethylsulfonyl)amide,CCCCCCCCCCCCn1cc[n+](C)c1.O=S(=O)([N-]S(=O)(=O)C(F)(F)F)C(F)(F)F,NIST_XML_SetB,C18H31F6N3O4S2,531.585,13,820.2,CCCCCCCCCCCCn1cc[n+](C)c1.O=S(=O)([N-]S(=O)(=O)C(F)(F)F)C(F)(F)F
1-chlorononane,CCCCCCCCCCl,NIST_XML_SetB,C9H19Cl,162.704,7,296.43914492,CCCCCCCCCCl
propylferrocene,CCCc1ccc[cH-]1.[Fe+2].c1cc[cH-]c1,NIST_XML_SetB,C13H16Fe,228.116,2,319.5,CCCc1ccc[cH-]1.[Fe+2].c1cc[cH-]c1
2-phenyl-1-propanol,CC(CO)c1ccccc1,NIST_XML_SetB,C9H12O,136.194,2,273.33529686,CC(CO)c1ccccc1
2-methylaniline,Cc1ccccc1N,NIST_XML_SetB,C7H9N,107.156,0,217.16,Cc1ccccc1N
di(2-aminoethyl)amine,NCCNCCN,NIST_XML_SetB,C4H13N3,103.169,4,269.5,NCCNCCN
2-hydroxy-5-allylanisole,C=CCc1ccc(O)c(OC)c1,NIST_XML_SetB,C10H12O2,164.203999999999,3,322.9,C=CCc1ccc(O)c(OC)c1
undecane,CCCCCCCCCCC,NIST_XML_SetB,C11H24,156.313,8,343.98,CCCCCCCCCCC
"1-benzyl-3-methylimidazolium 1,1,2,2-tetrafluoroethanesulfonate",C[n+]1ccn(Cc2ccccc2)c1.O=S(=O)([O-])C(F)(F)C(F)F,NIST_XML_SetB,C13H14F4N2O3S,354.325,4,509.5128398864,C[n+]1ccn(Cc2ccccc2)c1.O=S(=O)([O-])C(F)(F)C(F)F
benzophenone,O=C(c1ccccc1)c1ccccc1,NIST_XML_SetB,C13H10O,182.221999999999,2,288.1,O=C(c1ccccc1)c1ccccc1
isopropylbenzene,CC(C)c1ccccc1,NIST_XML_SetB,C9H12,120.194999999999,1,214.746,CC(C)c1ccccc1
1-butoxy-2-propanol,CCCCOCC(C)O,NIST_XML_SetB,C7H16O2,132.203,5,315.5,CCCCOCC(C)O
"1,4-dimethylpiperazine",CN1CCN(C)CC1,NIST_XML_SetB,C6H14N2,114.192,0,216.5,CN1CCN(C)CC1
"1,4-dioxane",C1COCCO1,NIST_XML_SetB,C4H8O2,88.106,0,151.0,C1COCCO1
methyl 3-thiopheneacetate,COC(=O)Cc1ccsc1,NIST_XML_SetB,C7H8O2S,156.206,2,250.6,COC(=O)Cc1ccsc1
3-heptanol,CCCCC(O)CC,NIST_XML_SetB,C7H16O,116.204,4,317.4,CCCCC(O)CC
1-hexyl-4-cyanopyridinium bis(trifluoromethylsulfonyl)imide,CCCCCC[n+]1ccc(C#N)cc1.O=S(=O)([N-]S(=O)(=O)C(F)(F)F)C(F)(F)F,NIST_XML_SetB,C14H17F6N3O4S2,469.429,7,633.0,CCCCCC[n+]1ccc(C#N)cc1.O=S(=O)([N-]S(=O)(=O)C(F)(F)F)C(F)(F)F
2-(2-methoxyethoxy)ethanol,COCCOCCO,NIST_XML_SetB,C5H12O3,120.147999999999,5,267.4,COCCOCCO
1-ethyl-3-methyl-1H-imidazolium tricyanomethanide,CCn1cc[n+](C)c1.N#CC(=C=[N-])C#N,NIST_XML_SetB,C10H11N5,201.233,1,357.179771,CCn1cc[n+](C)c1.N#CC(=C=[N-])C#N
"1,6-dibromohexane",BrCCCCCCBr,NIST_XML_SetB,C6H12Br2,243.97,5,247.47,BrCCCCCCBr
"1,11-dibromoundecane",BrCCCCCCCCCCCBr,NIST_XML_SetB,C11H22Br2,314.105,10,394.92,BrCCCCCCCCCCCBr
1-butyl-3-methylimidazolium thiocyanate,CCCCn1cc[n+](C)c1.N#C[S-],NIST_XML_SetB,C9H15N3S,197.307,3,319.6286244,CCCCn1cc[n+](C)c1.N#C[S-]
"n-butyl-4-(n',n'-dimethylammonium)pyridinium bis(trifluoromethylsulfonyl)imid",CCCCn1ccc(=[N+](C)C)cc1.O=S(=O)([N-]S(=O)(=O)C(F)(F)F)C(F)(F)F,NIST_XML_SetB,C13H19F6N3O4S2,459.434,5,611.042164936,CCCCn1ccc(=[N+](C)C)cc1.O=S(=O)([N-]S(=O)(=O)C(F)(F)F)C(F)(F)F
1-chloropropane,CCCCl,NIST_XML_SetB,C3H7Cl,78.542,1,131.33,CCCCl
dodecane,CCCCCCCCCCCC,NIST_XML_SetB,C12H26,170.339999999999,9,375.94,CCCCCCCCCCCC
1-chloropentane,CCCCCCl,NIST_XML_SetB,C5H11Cl,106.596,3,188.46,CCCCCCl
"3-cyano-1-octylpyridinium 1,1,1-trifluoro-N-[(trifluoromethyl)sulfonyl]methanesulfonamide",CCCCCCCC[n+]1cccc(C#N)c1.O=S(=O)([N-]S(=O)(=O)C(F)(F)F)C(F)(F)F,NIST_XML_SetB,C16H21F6N3O4S2,497.483,9,709.0,CCCCCCCC[n+]1cccc(C#N)c1.O=S(=O)([N-]S(=O)(=O)C(F)(F)F)C(F)(F)F
"2,2,3,3,4,4,5,5,6,6,7,7,7-tridecafluoro-1-heptanol",OCC(F)(F)C(F)(F)C(F)(F)C(F)(F)C(F)(F)C(F)(F)F,NIST_XML_SetB,C7H3F13O,350.073999999999,5,476.8,OCC(F)(F)C(F)(F)C(F)(F)C(F)(F)C(F)(F)C(F)(F)F
"2-methyl-2,4-pentanediol",CC(O)CC(C)(C)O,NIST_XML_SetB,C6H14O2,118.175999999999,2,263.09,CC(O)CC(C)(C)O
3-methyl-1-propyl-1H-imidazolium (S)-2-amino-4-carboxybutanoate,CCCn1cc[n+](C)c1.N[C@@H](CCC(=O)[O-])C(=O)O,NIST_XML_SetB,C12H21N3O4,271.316999999999,6,516.83,CCCn1cc[n+](C)c1.N[C@@H](CCC(=O)[O-])C(=O)O
"1,7-heptanediol",OCCCCCCCO,NIST_XML_SetB,C7H16O2,132.203,6,296.11,OCCCCCCCO
"1,9-diaminononane",NCCCCCCCCCN,NIST_XML_SetB,C9H22N2,158.289,8,398.93,NCCCCCCCCCN
1-butyl-3-methylpyridinium trifluoromethanesulfonate,CCCC[n+]1cccc(C)c1.O=S(=O)([O-])C(F)(F)F,NIST_XML_SetB,C11H16F3NO3S,299.313999999999,3,520.0,CCCC[n+]1cccc(C)c1.O=S(=O)([O-])C(F)(F)F
diisobutyl ether,CC(C)COCC(C)C,NIST_XML_SetB,C8H18O,130.231,4,276.08,CC(C)COCC(C)C
"4-oxa-1,7-heptanediol",OCCCOCCCO,NIST_XML_SetB,C6H14O3,134.174999999999,6,329.0,OCCCOCCCO
tetradecanoic acid,CCCCCCCCCCCCCC(=O)O,NIST_XML_SetB,C14H28O2,228.375999999999,12,509.2671516,CCCCCCCCCCCCCC(=O)O
ethyl heptanoate,CCCCCCC(=O)OCC,NIST_XML_SetB,C9H18O2,158.241,6,318.3,CCCCCCC(=O)OCC
3-nitrobenzenesulfonamide,NS(=O)(=O)c1cccc([N+](=O)[O-])c1,NIST_XML_SetB,C6H6N2O4S,202.191,2,199.9607981016,NS(=O)(=O)c1cccc([N+](=O)[O-])c1
1-methyl-3-octylimidazolium L-alaninate,CCCCCCCCn1cc[n+](C)c1.C[C@H](N)C(=O)[O-],NIST_XML_SetB,C15H29N3O2,283.416,8,592.06,CCCCCCCCn1cc[n+](C)c1.C[C@H](N)C(=O)[O-]
2-ethyl-1-butanol,CCC(CC)CO,NIST_XML_SetB,C6H14O,102.176999999999,3,250.7,CCC(CC)CO
methyl levulinate,COC(=O)CCC(C)=O,NIST_XML_SetB,C6H10O3,130.143,3,258.8520402,COC(=O)CCC(C)=O
3-(2-hydroxyethyl)-1-methyl-1H-imidazol-3-ium dicyanoazanide,C[n+]1ccn(CCO)c1.N#C[N-]C#N,NIST_XML_SetB,C8H11N5O,193.21,2,231.847248,C[n+]1ccn(CCO)c1.N#C[N-]C#N
1-isobutyl-3-methylimidazolium bis[(trifluoromethyl)sulfonyl]amide,CC(C)Cn1cc[n+](C)c1.O=S(=O)([N-]S(=O)(=O)C(F)(F)F)C(F)(F)F,NIST_XML_SetB,C10H15F6N3O4S2,419.369,4,565.3058252416,CC(C)Cn1cc[n+](C)c1.O=S(=O)([N-]S(=O)(=O)C(F)(F)F)C(F)(F)F
"2-(N,N-dimethylamino)ethanol",CN(C)CCO,NIST_XML_SetB,C4H11NO,89.1379999999999,2,213.0,CN(C)CCO
(Z)-3-hexen-1-ol,CC/C=C\CCO,NIST_XML_SetB,C6H12O,100.161,3,234.0,CC/C=C\CCO
1-propylpyridinium tetrafluoroborate,CCC[n+]1ccccc1.F[B-](F)(F)F,NIST_XML_SetB,C8H12BF4N,208.994999999999,2,363.0,CCC[n+]1ccccc1.F[B-](F)(F)F
benzene-d6,[2H]c1c([2H])c([2H])c([2H])c([2H])c1[2H],NIST_XML_SetB,C6H6,84.1506106679999,0,149.82,[2H]c1c([2H])c([2H])c([2H])c([2H])c1[2H]
benzene,c1ccccc1,NIST_XML_SetB,C6H6,78.1139999999999,0,135.18,c1ccccc1
N-(3-aminopropyl)morpholine,NCCCN1CCOCC1,NIST_XML_SetB,C7H16N2O,144.218,3,296.2,NCCCN1CCOCC1
d-carvone,C=C(C)[C@H]1CC=C(C)C(=O)C1,NIST_XML_SetB,C10H14O,150.220999999999,1,280.3,C=C(C)[C@H]1CC=C(C)C(=O)C1
"1,4-dibromobutane",BrCCCCBr,NIST_XML_SetB,C4H8Br2,215.916,3,191.68,BrCCCCBr
isobutyl tert-butyl ether,CC(C)COC(C)(C)C,NIST_XML_SetB,C8H18O,130.231,2,268.7,CC(C)COC(C)(C)C
1-butyl-3-methylpyridinium tetrafluoroborate,CCCC[n+]1cccc(C)c1.F[B-](F)(F)F,NIST_XML_SetB,C10H16BF4N,237.048999999999,3,405.0,CCCC[n+]1cccc(C)c1.F[B-](F)(F)F
"1,4-dimethylbenzene",Cc1ccc(C)cc1,NIST_XML_SetB,C8H10,106.167999999999,0,181.734,Cc1ccc(C)cc1
1-methyl-3-octylimidazolium bromide,CCCCCCCCn1cc[n+](C)c1.[Br-],NIST_XML_SetB,C12H23BrN2,275.234,7,392.0,CCCCCCCCn1cc[n+](C)c1.[Br-]
diphenyl ether,c1ccc(Oc2ccccc2)cc1,NIST_XML_SetB,C12H10O,170.210999999999,2,274.3740064,c1ccc(Oc2ccccc2)cc1
1-methyl-3-(3-(trimethylammonio)propyl)-1H-imidazolium bis(dicyanamide),C[n+]1ccn(CCC[N+](C)(C)C)c1.N#C[N-]C#N.N#C[N-]C#N,NIST_XML_SetB,C14H21N9,315.385,4,519.439095,C[n+]1ccn(CCC[N+](C)(C)C)c1.N#C[N-]C#N.N#C[N-]C#N
methyl butanoate,CCCC(=O)OC,NIST_XML_SetB,C5H10O2,102.133,2,198.084,CCCC(=O)OC
tetraethylene glycol,OCCOCCOCCOCCO,NIST_XML_SetB,C8H18O5,194.227,10,428.5,OCCOCCOCCOCCO
1-ethyl-3-methylpyridinium bis((trifluoromethyl)sulfonyl)amide,CC[n+]1cccc(C)c1.O=S(=O)([N-]S(=O)(=O)C(F)(F)F)C(F)(F)F,NIST_XML_SetB,C10H12F6N2O4S2,402.338,3,491.0,CC[n+]1cccc(C)c1.O=S(=O)([N-]S(=O)(=O)C(F)(F)F)C(F)(F)F
1-ethyl-3-methylimidazolium thiocyanate,CCn1cc[n+](C)c1.N#C[S-],NIST_XML_SetB,C7H11N3S,169.253,1,281.44698760012,CCn1cc[n+](C)c1.N#C[S-]
"1-butyl-2,3-dimethylimidazolium tetrafluoroborate",CCCCn1cc[n+](C)c1C.F[B-](F)(F)F,NIST_XML_SetB,C9H17BF4N2,240.052999999999,3,416.01,CCCCn1cc[n+](C)c1C.F[B-](F)(F)F
"1,3-dibromopropane",BrCCCBr,NIST_XML_SetB,C3H6Br2,201.888999999999,2,163.73,BrCCCBr
2-dimethylphosphonomethylbenzonitrile,COP(=O)(Cc1ccccc1C#N)OC,NIST_XML_SetB,C10H12NO3P,225.183999999999,4,503.6623002027,COP(=O)(Cc1ccccc1C#N)OC
1-chlorobutane,CCCCCl,NIST_XML_SetB,C4H9Cl,92.5689999999999,2,159.48,CCCCCl
"1,2,3-propanetriol trioctanoate",CCCCCCCC(=O)OCC(COC(=O)CCCCCCC)OC(=O)CCCCCCC,NIST_XML_SetB,C27H50O6,470.691,23,913.3,CCCCCCCC(=O)OCC(COC(=O)CCCCCCC)OC(=O)CCCCCCC
1-bromooctane,CCCCCCCCBr,NIST_XML_SetB,C8H17Br,193.128,6,272.151158136,CCCCCCCCBr
"1,2,3-propanetriyl tridodecanoate",CCCCCCCCCCCC(=O)OCC(COC(=O)CCCCCCCCCCC)OC(=O)CCCCCCCCCCC,NIST_XML_SetB,C39H74O6,639.015,35,1316.0,CCCCCCCCCCCC(=O)OCC(COC(=O)CCCCCCCCCCC)OC(=O)CCCCCCCCCCC
1-butyl-3-(3-pentyl)imidazolium bis((trifluoromethyl)sulfonyl)imide,CCCC[n+]1ccn(C(CC)CC)c1.O=S(=O)([N-]S(=O)(=O)C(F)(F)F)C(F)(F)F,NIST_XML_SetB,C14H23F6N3O4S2,475.477,8,696.61,CCCC[n+]1ccn(C(CC)CC)c1.O=S(=O)([N-]S(=O)(=O)C(F)(F)F)C(F)(F)F
1-ethyl-3-methylimidazolium ethyl sulfate,CCOS(=O)(=O)[O-].CCn1cc[n+](C)c1,NIST_XML_SetB,C8H16N2O4S,236.292999999999,3,382.8,CCOS(=O)(=O)[O-].CCn1cc[n+](C)c1
cyclohexylmethanol,OCC1CCCCC1,NIST_XML_SetB,C7H14O,114.187999999999,1,235.55,OCC1CCCCC1
dipropyl carbonate,CCCOC(=O)OCCC,NIST_XML_SetB,C7H14O3,146.186,4,276.43,CCCOC(=O)OCCC
1-hexyl-3-methylpyridinium bromide,CCCCCC[n+]1cccc(C)c1.[Br-],NIST_XML_SetB,C12H20BrN,258.203,5,343.0,CCCCCC[n+]1cccc(C)c1.[Br-]
1-butyl-3-methylimidazolium tosylate,CCCCn1cc[n+](C)c1.Cc1ccc(S(=O)(=O)[O-])cc1,NIST_XML_SetB,C15H22N2O3S,310.419,4,543.4,CCCCn1cc[n+](C)c1.Cc1ccc(S(=O)(=O)[O-])cc1
1-phenylethanol,CC(O)c1ccccc1,NIST_XML_SetB,C8H10O,122.166999999999,1,263.1,CC(O)c1ccccc1
[R]-12-hydroxy-cis-9-octadecenoic acid,CCCCCC[C@@H](O)C/C=C\CCCCCCCC(=O)O,NIST_XML_SetB,C18H34O3,298.466999999999,15,626.767596,CCCCCC[C@@H](O)C/C=C\CCCCCCCC(=O)O
"1,2-pentanediol",CCCC(O)CO,NIST_XML_SetB,C5H12O2,104.148999999999,3,266.29,CCCC(O)CO
"1,3,3-trimethyl-2-oxabicyclo[2.2.2]octane",CC12CCC(CC1)C(C)(C)O2,NIST_XML_SetB,C10H18O,154.253,0,270.7,CC12CCC(CC1)C(C)(C)O2
"1,4-butanediol",OCCCCO,NIST_XML_SetB,C4H10O2,90.1219999999999,3,203.06,OCCCCO
acetonitrile-d3,[2H]C([2H])([2H])C#N,NIST_XML_SetB,C2H3N,44.0713053339999,0,95.02,[2H]C([2H])([2H])C#N
acetonitrile,CC#N,NIST_XML_SetB,C2H3N,41.053,0,90.93,CC#N
1-(1-methyl-2-propoxyethoxy)-2-propanol,CCCOCC(C)OCC(C)O,NIST_XML_SetB,C9H20O3,176.256,7,388.1,CCCOCC(C)OCC(C)O
N-(2-hydroxyethyl)piperazine,OCCN1CCNCC1,NIST_XML_SetB,C6H14N2O,130.191,2,285.0,OCCN1CCNCC1
ethanoic anhydride,CC(=O)OC(C)=O,NIST_XML_SetB,C4H6O3,102.088999999999,0,200.73,CC(=O)OC(C)=O
"1,9-dibromononane",BrCCCCCCCCCBr,NIST_XML_SetB,C9H18Br2,286.051,8,335.29,BrCCCCCCCCCBr
benzylamine,NCc1ccccc1,NIST_XML_SetB,C7H9N,107.156,1,206.74,NCc1ccccc1
"1,1-dichloropropane",CCC(Cl)Cl,NIST_XML_SetB,C3H6Cl2,112.987,1,152.82,CCC(Cl)Cl
"N-ethyl-N-(2-hydroxyethyl)-N,N-dimethylammonium ethyl sulfate",CCOS(=O)(=O)[O-].CC[N+](C)(C)CCO,NIST_XML_SetB,C8H21NO5S,243.325,5,451.0,CCOS(=O)(=O)[O-].CC[N+](C)(C)CCO
3-(ethoxycarbonyl)-1-ethylpyridinium ethylsulfate,CCOC(=O)c1ccc[n+](CC)c1.CCOS(=O)(=O)[O-],NIST_XML_SetB,C12H19NO6S,305.352,5,513.0,CCOC(=O)c1ccc[n+](CC)c1.CCOS(=O)(=O)[O-]
1-ethyl-2-pentylpyridin-1-ium bis((trifluoromethyl)sulfonyl)imide,CCCCCc1cccc[n+]1CC.O=S(=O)([N-]S(=O)(=O)C(F)(F)F)C(F)(F)F,NIST_XML_SetB,C14H20F6N2O4S2,458.446,7,652.7,CCCCCc1cccc[n+]1CC.O=S(=O)([N-]S(=O)(=O)C(F)(F)F)C(F)(F)F
"1,3-dioxolane",C1COCO1,NIST_XML_SetB,C3H6O2,74.079,0,121.66,C1COCO1
4-octanol,CCCCC(O)CCC,NIST_XML_SetB,C8H18O,130.231,5,332.081196,CCCCC(O)CCC
1-butyl-1-methylpyrrolidinium tetracyanoborate,CCCC[N+]1(C)CCCC1.N#C[B-](C#N)(C#N)C#N,NIST_XML_SetB,C13H20BN5,257.15,3,524.0,CCCC[N+]1(C)CCCC1.N#C[B-](C#N)(C#N)C#N
"1,3-dimethylimidazolium methylsulfate",COS(=O)(=O)[O-].Cn1cc[n+](C)c1,NIST_XML_SetB,C6H12N2O4S,208.239,1,298.1,COS(=O)(=O)[O-].Cn1cc[n+](C)c1
(-)-cis-verbenol,CC1=C[C@H](O)[C@H]2C[C@@H]1C2(C)C,NIST_XML_SetB,C10H16O,152.237,0,372.98676532,CC1=C[C@H](O)[C@H]2C[C@@H]1C2(C)C
1-butyl-3-methylimidazolium nitrate,CCCCn1cc[n+](C)c1.O=[N+]([O-])[O-],NIST_XML_SetB,C8H15N3O3,201.225999999999,3,357.7,CCCCn1cc[n+](C)c1.O=[N+]([O-])[O-]
"1,2-dibromobenzene",Brc1ccccc1Br,NIST_XML_SetB,C6H4Br2,235.906,0,179.76,Brc1ccccc1Br
1-ethyl-2-octylpyridin-1-ium bis((trifluoromethyl)sulfonyl)imide,CCCCCCCCc1cccc[n+]1CC.O=S(=O)([N-]S(=O)(=O)C(F)(F)F)C(F)(F)F,NIST_XML_SetB,C17H26F6N2O4S2,500.527,10,749.4,CCCCCCCCc1cccc[n+]1CC.O=S(=O)([N-]S(=O)(=O)C(F)(F)F)C(F)(F)F
"N,N-dibutyl-N-methyl-1-butanaminium L-lysinate",CCCC[N+](C)(CCCC)CCCC.NCCCC[C@H](N)C(=O)[O-],NIST_XML_SetB,C19H43N3O2,345.572,14,823.8,CCCC[N+](C)(CCCC)CCCC.NCCCC[C@H](N)C(=O)[O-]
"(1S,5S)-6,6-dimethyl-2-methylenebicyclo[3.1.1]heptane",C=C1CC[C@H]2C[C@@H]1C2(C)C,NIST_XML_SetB,C10H16,136.237999999999,0,243.36430274,C=C1CC[C@H]2C[C@@H]1C2(C)C
.beta.-pinene,C=C1CCC2CC1C2(C)C,NIST_XML_SetB,C10H16,136.237999999999,0,249.3082932,C=C1CCC2CC1C2(C)C
1-ethyl-3-methylimidazolium dimethylphosphate,CCn1cc[n+](C)c1.COP(=O)([O-])OC,NIST_XML_SetB,C8H17N2O4P,236.207999999999,3,411.777382840142,CCn1cc[n+](C)c1.COP(=O)([O-])OC
3-amino-1-propanol,NCCCO,NIST_XML_SetB,C3H9NO,75.1109999999999,2,204.0,NCCCO
1-heptyl-3-methylimidazolium bis(trifluoromethylsulfonyl)amide,CCCCCCCn1cc[n+](C)c1.O=S(=O)([N-]S(=O)(=O)C(F)(F)F)C(F)(F)F,NIST_XML_SetB,C13H21F6N3O4S2,461.45,8,659.2,CCCCCCCn1cc[n+](C)c1.O=S(=O)([N-]S(=O)(=O)C(F)(F)F)C(F)(F)F
1-ethyl-4-methylpyridinium bis((trifluoromethyl)sulfonyl)amide,CC[n+]1ccc(C)cc1.O=S(=O)([N-]S(=O)(=O)C(F)(F)F)C(F)(F)F,NIST_XML_SetB,C10H12F6N2O4S2,402.338,3,627.0,CC[n+]1ccc(C)cc1.O=S(=O)([N-]S(=O)(=O)C(F)(F)F)C(F)(F)F
pyrimethanil myristic salt,CCCCCCCCCCCCCC(=O)O.Cc1cc(C)nc(Nc2ccccc2)n1,NIST_XML_SetB,C26H41N3O2,427.633,14,744.2,CCCCCCCCCCCCCC(=O)O.Cc1cc(C)nc(Nc2ccccc2)n1
2-acetylthiophene,CC(=O)c1cccs1,NIST_XML_SetB,C6H6OS,126.18,1,205.7,CC(=O)c1cccs1
1-phenyl-2-propanol,CC(O)Cc1ccccc1,NIST_XML_SetB,C9H12O,136.194,2,282.05151958,CC(O)Cc1ccccc1
tetrahydrofuran,C1CCOC1,NIST_XML_SetB,C4H8O,72.107,0,126.4,C1CCOC1
"1,3-benzenediamine",Nc1cccc(N)c1,NIST_XML_SetB,C6H8N2,108.144,0,219.3,Nc1cccc(N)c1
1-butyl-1-methylpyrrolidinium trifluoromethanesulfonate,CCCC[N+]1(C)CCCC1.O=S(=O)([O-])C(F)(F)F,NIST_XML_SetB,C10H20F3NO3S,291.335,3,435.0,CCCC[N+]1(C)CCCC1.O=S(=O)([O-])C(F)(F)F
hafnium(IV) 2-methylpropan-2-olate,CC(C)(C)[O-].CC(C)(C)[O-].CC(C)(C)[O-].CC(C)(C)[O-].[Hf+4],NIST_XML_SetB,C16H36HfO4,470.95,0,598.9,CC(C)(C)[O-].CC(C)(C)[O-].CC(C)(C)[O-].CC(C)(C)[O-].[Hf+4]
cyclopentanol,OC1CCCC1,NIST_XML_SetB,C5H10O,86.1339999999999,0,181.82,OC1CCCC1
"1-ethyl-2,3-dimethylimidazolium bis[(trifluoromethyl)sulfonyl]imide",CCn1cc[n+](C)c1C.O=S(=O)([N-]S(=O)(=O)C(F)(F)F)C(F)(F)F,NIST_XML_SetB,C9H13F6N3O4S2,405.342,3,492.7,CCn1cc[n+](C)c1C.O=S(=O)([N-]S(=O)(=O)C(F)(F)F)C(F)(F)F
cyclohexane-d12,[2H]C1([2H])C([2H])([2H])C([2H])([2H])C([2H])([2H])C([2H])([2H])C1([2H])[2H],NIST_XML_SetB,C6H12,96.2352213359999,0,182.57,[2H]C1([2H])C([2H])([2H])C([2H])([2H])C([2H])([2H])C([2H])([2H])C1([2H])[2H]
cyclohexane,C1CCCCC1,NIST_XML_SetB,C6H12,84.162,0,156.2,C1CCCCC1
(trichloromethyl)benzene,ClC(Cl)(Cl)c1ccccc1,NIST_XML_SetB,C7H5Cl3,195.476,0,217.76,ClC(Cl)(Cl)c1ccccc1
"1,4,7,10,13,16-hexaoxacyclooctadecane",C1COCCOCCOCCOCCOCCO1,NIST_XML_SetB,C12H24O6,264.318,0,515.0,C1COCCOCCOCCOCCOCCO1
"1,3-propanediamine",NCCCN,NIST_XML_SetB,C3H10N2,74.127,2,203.59,NCCCN
1-tridecanol,CCCCCCCCCCCCCO,NIST_XML_SetB,C13H28O,200.365999999999,11,482.1,CCCCCCCCCCCCCO
1-butylpyridinium bis[(trifluoromethyl)sulfonyl]imide,CCCC[n+]1ccccc1.O=S(=O)([N-]S(=O)(=O)C(F)(F)F)C(F)(F)F,NIST_XML_SetB,C11H14F6N2O4S2,416.365,5,592.0,CCCC[n+]1ccccc1.O=S(=O)([N-]S(=O)(=O)C(F)(F)F)C(F)(F)F
1-methyl-3-octylimidazolium glycinate,CCCCCCCCn1cc[n+](C)c1.NCC(=O)[O-],NIST_XML_SetB,C14H27N3O2,269.389,8,504.06,CCCCCCCCn1cc[n+](C)c1.NCC(=O)[O-]
methyl pentadecanoate,CCCCCCCCCCCCCCC(=O)OC,NIST_XML_SetB,C16H32O2,256.429999999999,13,524.33,CCCCCCCCCCCCCCC(=O)OC
2-[2-[2-(octyloxy)ethoxy]ethoxy]ethanol,CCCCCCCCOCCOCCOCCO,NIST_XML_SetB,C14H30O4,262.389999999999,15,573.7,CCCCCCCCOCCOCCOCCO
1-ethyl-3-methylimidazolium acetate,CC(=O)[O-].CCn1cc[n+](C)c1,NIST_XML_SetB,C8H14N2O2,170.212,1,321.89967686608,CC(=O)[O-].CCn1cc[n+](C)c1
"1,3,5-trichlorobenzene",Clc1cc(Cl)cc(Cl)c1,NIST_XML_SetB,C6H3Cl3,181.448999999999,0,197.88,Clc1cc(Cl)cc(Cl)c1
[R]-methyl 12-hydroxy-9-octadecenoate,CCCCCCC(O)CC=CCCCCCCCC(=O)OC,NIST_XML_SetB,C19H36O3,312.494,15,696.53428086,CCCCCCC(O)CC=CCCCCCCCC(=O)OC
3-ethyl-3-pentanol,CCC(O)(CC)CC,NIST_XML_SetB,C7H16O,116.204,3,361.9,CCC(O)(CC)CC
2-butyl-1-ethylpyridin-1-ium bis((trifluoromethyl)sulfonyl)imide,CCCCc1cccc[n+]1CC.O=S(=O)([N-]S(=O)(=O)C(F)(F)F)C(F)(F)F,NIST_XML_SetB,C13H18F6N2O4S2,444.419,6,623.6,CCCCc1cccc[n+]1CC.O=S(=O)([N-]S(=O)(=O)C(F)(F)F)C(F)(F)F
(S)-1-methyl-4-(1-methylethenyl)cyclohexene,C=C(C)[C@@H]1CC=C(C)CC1,NIST_XML_SetB,C10H16,136.238,1,257.8,C=C(C)[C@@H]1CC=C(C)CC1
decamethylcyclopentasiloxane,C[Si]1(C)O[Si](C)(C)O[Si](C)(C)O[Si](C)(C)O[Si](C)(C)O1,NIST_XML_SetB,C10H30O5Si5,370.775,0,640.6,C[Si]1(C)O[Si](C)(C)O[Si](C)(C)O[Si](C)(C)O[Si](C)(C)O1
methyl heptanoate,CCCCCCC(=O)OC,NIST_XML_SetB,C8H16O2,144.214,5,289.2,CCCCCCC(=O)OC
2-methoxyethan-1-ol,COCCO,NIST_XML_SetB,C3H8O2,76.095,2,175.32,COCCO
(-)-trans-pinane,C[C@H]1CC[C@H]2C[C@@H]1C2(C)C,NIST_XML_SetB,C10H18,138.254,0,251.3,C[C@H]1CC[C@H]2C[C@@H]1C2(C)C
"1,2-dimethyl-3-propylimidazolium bis[(trifluoromethyl)sulfonyl]imide",CCCn1cc[n+](C)c1C.O=S(=O)([N-]S(=O)(=O)C(F)(F)F)C(F)(F)F,NIST_XML_SetB,C10H15F6N3O4S2,419.369,4,554.5,CCCn1cc[n+](C)c1C.O=S(=O)([N-]S(=O)(=O)C(F)(F)F)C(F)(F)F
methyl undecanoate,CCCCCCCCCCC(=O)OC,NIST_XML_SetB,C12H24O2,200.321999999999,9,389.0952,CCCCCCCCCCC(=O)OC
1-butyl-3-methylimidazolium iodide,CCCCn1cc[n+](C)c1.[I-],NIST_XML_SetB,C8H15IN2,266.126,3,309.9,CCCCn1cc[n+](C)c1.[I-]
butyltrimethylammonium bis(trifluoromethylsulfonyl)imide,CCCC[N+](C)(C)C.O=S(=O)([N-]S(=O)(=O)C(F)(F)F)C(F)(F)F,NIST_XML_SetB,C9H18F6N2O4S2,396.375,5,559.2,CCCC[N+](C)(C)C.O=S(=O)([N-]S(=O)(=O)C(F)(F)F)C(F)(F)F
trichloroethene,ClC=C(Cl)Cl,NIST_XML_SetB,C2HCl3,131.389,0,128.38,ClC=C(Cl)Cl
"1,2-dimethoxyethane",COCCOC,NIST_XML_SetB,C4H10O2,90.122,3,191.0,COCCOC
"3,6-dioxa-1-octanol",CCOCCOCCO,NIST_XML_SetB,C6H14O3,134.174999999999,6,301.7,CCOCCOCCO
"1,6-hexanediol",OCCCCCCO,NIST_XML_SetB,C6H14O2,118.175999999999,5,282.66,OCCCCCCO
2-propenol,C=CCO,NIST_XML_SetB,C3H6O,58.08,1,146.67,C=CCO
3-ethyl-1-methyl-1H-imidazolium hexyl sulfate,CCCCCCOS(=O)(=O)[O-].CCn1cc[n+](C)c1,NIST_XML_SetB,C12H24N2O4S,292.400999999999,7,513.9,CCCCCCOS(=O)(=O)[O-].CCn1cc[n+](C)c1
"N,N-dimethyl-dipropylene-diamino-triacetonediamine [EvA34]",CN(C)CCCNCCCNC1CC(C)(C)NC(C)(C)C1,NIST_XML_SetB,C17H38N4,298.518999999999,9,611.64817842,CN(C)CCCNCCCNC1CC(C)(C)NC(C)(C)C1
m-terphenyl,c1ccc(-c2cccc(-c3ccccc3)c2)cc1,NIST_XML_SetB,C18H14,230.309999999999,2,376.3,c1ccc(-c2cccc(-c3ccccc3)c2)cc1
fenofibrate,CC(C)OC(=O)C(C)(C)Oc1ccc(C(=O)c2ccc(Cl)cc2)cc1,NIST_XML_SetB,C20H21ClO4,360.837,6,602.0,CC(C)OC(=O)C(C)(C)Oc1ccc(C(=O)c2ccc(Cl)cc2)cc1
dichloromethane-d2,[2H]C([2H])(Cl)Cl,NIST_XML_SetB,CH2Cl2,86.945203556,0,101.49,[2H]C([2H])(Cl)Cl
dichloromethane,ClCCl,NIST_XML_SetB,CH2Cl2,84.933,0,95.61,ClCCl
ethylbenzene,CCc1ccccc1,NIST_XML_SetB,C8H10,106.167999999999,1,185.445,CCc1ccccc1
"propan-1,3-diol",OCCCO,NIST_XML_SetB,C3H8O2,76.095,2,175.78,OCCCO
1-hexyl-3-methylimidazolium hexafluorophosphate,CCCCCCn1cc[n+](C)c1.F[P-](F)(F)(F)(F)F,NIST_XML_SetB,C10H19F6N2P,312.237999999999,5,424.025,CCCCCCn1cc[n+](C)c1.F[P-](F)(F)(F)(F)F
methyl decanoate,CCCCCCCCCC(=O)OC,NIST_XML_SetB,C11H22O2,186.295,8,376.14,CCCCCCCCCC(=O)OC
"2,4-dichlorobenzaldehyde",O=Cc1ccc(Cl)cc1Cl,NIST_XML_SetB,C7H4Cl2O,175.013999999999,1,208.08,O=Cc1ccc(Cl)cc1Cl
"n-ethyl-4-(n',n'-dimethylammonium)pyridinium bis(trifluoromethylsulfonyl)imide",CCn1ccc(=[N+](C)C)cc1.O=S(=O)([N-]S(=O)(=O)C(F)(F)F)C(F)(F)F,NIST_XML_SetB,C11H15F6N3O4S2,431.38,3,619.0,CCn1ccc(=[N+](C)C)cc1.O=S(=O)([N-]S(=O)(=O)C(F)(F)F)C(F)(F)F
4-heptanol,CCCC(O)CCC,NIST_XML_SetB,C7H16O,116.204,4,306.7715376,CCCC(O)CCC
1-ethyl-3-methylimidazolium 2-(2-methoxyethoxy) ethylsulfate,CCn1cc[n+](C)c1.COCCOCCOS(=O)(=O)[O-],NIST_XML_SetB,C11H22N2O6S,310.371999999999,8,526.38456896,CCn1cc[n+](C)c1.COCCOCCOS(=O)(=O)[O-]
toluene-d8,[2H]c1c([2H])c([2H])c(C([2H])([2H])[2H])c([2H])c1[2H],NIST_XML_SetB,C7H8,100.189814223999,0,174.28,[2H]c1c([2H])c([2H])c(C([2H])([2H])[2H])c([2H])c1[2H]
toluene,Cc1ccccc1,NIST_XML_SetB,C7H8,92.1409999999999,0,157.18,Cc1ccccc1
ethyl octanoate,CCCCCCCC(=O)OCC,NIST_XML_SetB,C10H20O2,172.268,7,343.11862208,CCCCCCCC(=O)OCC
1-bromopentane,CCCCCBr,NIST_XML_SetB,C5H11Br,151.047,3,191.57,CCCCCBr
diisopropyl ether,CC(C)OC(C)C,NIST_XML_SetB,C6H14O,102.176999999999,2,214.46482124,CC(C)OC(C)C
1-hexyl-3-methylimidazolium dicyanamide,CCCCCCn1cc[n+](C)c1.N#C[N-]C#N,NIST_XML_SetB,C12H19N5,233.319,5,534.0,CCCCCCn1cc[n+](C)c1.N#C[N-]C#N
(E)-2-hexen-1-ol,CCC/C=C/CO,NIST_XML_SetB,C6H12O,100.160999999999,3,237.2,CCC/C=C/CO
1-ethyl-1-octylpiperidinium bis((trifluoromethyl)sulfonyl)amide,CCCCCCCC[N+]1(CC)CCCCC1.O=S(=O)([N-]S(=O)(=O)C(F)(F)F)C(F)(F)F,NIST_XML_SetB,C17H32F6N2O4S2,506.575,10,743.6439954656,CCCCCCCC[N+]1(CC)CCCCC1.O=S(=O)([N-]S(=O)(=O)C(F)(F)F)C(F)(F)F
1-butyl-1-methylpiperidinium bis(trifluoromethanesulfonyl)imide,CCCC[N+]1(C)CCCCC1.O=S(=O)([N-]S(=O)(=O)C(F)(F)F)C(F)(F)F,NIST_XML_SetB,C12H22F6N2O4S2,436.44,5,607.5197182464,CCCC[N+]1(C)CCCCC1.O=S(=O)([N-]S(=O)(=O)C(F)(F)F)C(F)(F)F
5-methyl-2-hexanol,CC(C)CCC(C)O,NIST_XML_SetB,C7H16O,116.203999999999,3,297.7,CC(C)CCC(C)O
"2,2-dichloropropane",CC(C)(Cl)Cl,NIST_XML_SetB,C3H6Cl2,112.987,0,154.98,CC(C)(Cl)Cl
formamide,N=CO,NIST_XML_SetB,CH3NO,45.041,0,107.82,N=CO
triethylene glycol,OCCOCCOCCO,NIST_XML_SetB,C6H14O4,150.173999999999,7,336.3,OCCOCCOCCO
"2,4-dinitrobenzaldehyde",O=Cc1ccc([N+](=O)[O-])cc1[N+](=O)[O-],NIST_XML_SetB,C7H4N2O5,196.118,3,300.29,O=Cc1ccc([N+](=O)[O-])cc1[N+](=O)[O-]
"1,12-dibromododecane",BrCCCCCCCCCCCCBr,NIST_XML_SetB,C12H24Br2,328.131999999999,11,432.62,BrCCCCCCCCCCCCBr
1-(4-hydroxyphenyl)-1-pentanone,CCCCC(=O)c1ccc(O)cc1,NIST_XML_SetB,C11H14O2,178.230999999999,4,373.9,CCCCC(=O)c1ccc(O)cc1
"trihexyltetradecylphosphonium bis(2,4,4-trimethylpentyl)phosphinate",CC(CC(C)(C)C)CP(=O)([O-])CC(C)CC(C)(C)C.CCCCCCCCCCCCCC[P+](CCCCCC)(CCCCCC)CCCCCC,NIST_XML_SetB,C48H102O2P2,773.29,34,1634.692361428,CC(CC(C)(C)C)CP(=O)([O-])CC(C)CC(C)(C)C.CCCCCCCCCCCCCC[P+](CCCCCC)(CCCCCC)CCCCCC
dimethylformamide,CN(C)C=O,NIST_XML_SetB,C3H7NO,73.095,1,148.2,CN(C)C=O
"N,N-dimethylformamide-d7",[2H]C(=O)N(C([2H])([2H])[2H])C([2H])([2H])[2H],NIST_XML_SetB,C3H7NO,80.1377124459999,0,159.47,[2H]C(=O)N(C([2H])([2H])[2H])C([2H])([2H])[2H]
2-ethoxyethan-1-ol,CCOCCO,NIST_XML_SetB,C4H10O2,90.1219999999999,3,211.1,CCOCCO
"3,6,9,12-tetraoxatridecanol",COCCOCCOCCOCCO,NIST_XML_SetB,C9H20O5,208.254,11,448.6,COCCOCCOCCOCCO
undecan-6-one,CCCCCC(=O)CCCCC,NIST_XML_SetB,C11H22O,170.296,8,363.74324208,CCCCCC(=O)CCCCC
"1,3-dichlorobenzene",Clc1cccc(Cl)c1,NIST_XML_SetB,C6H4Cl2,147.004,0,169.97,Clc1cccc(Cl)c1
1-ethyl-3-methylimidazolium trifluoromethanesulfonate,CCn1cc[n+](C)c1.O=S(=O)([O-])C(F)(F)F,NIST_XML_SetB,C7H11F3N2O3S,260.236999999999,1,363.2,CCn1cc[n+](C)c1.O=S(=O)([O-])C(F)(F)F
hexafluorobenzene,Fc1c(F)c(F)c(F)c(F)c1F,NIST_XML_SetB,C6F6,186.053999999999,0,221.42,Fc1c(F)c(F)c(F)c(F)c1F
pentaerythritol tetrapentanoate,CCCCC(=O)OCC(COC(=O)CCCC)(COC(=O)CCCC)COC(=O)CCCC,NIST_XML_SetB,C25H44O8,472.619,20,842.66730298,CCCCC(=O)OCC(COC(=O)CCCC)(COC(=O)CCCC)COC(=O)CCCC
2-(chloromethyl)benzonitrile,N#Cc1ccccc1CCl,NIST_XML_SetB,C8H6ClN,151.596,1,282.887100148,N#Cc1ccccc1CCl
hexan-1-ol,CCCCCCO,NIST_XML_SetB,C6H14O,102.176999999999,4,241.3,CCCCCCO
1-chlorodecane,CCCCCCCCCCCl,NIST_XML_SetB,C10H21Cl,176.731,8,335.39,CCCCCCCCCCCl
1-ethyl-3-methylpyridinium ethylsulfate,CCOS(=O)(=O)[O-].CC[n+]1cccc(C)c1,NIST_XML_SetB,C10H17NO4S,247.315999999999,3,389.0,CCOS(=O)(=O)[O-].CC[n+]1cccc(C)c1
pyrrolidinium nitrate,C1CC[NH2+]C1.O=[N+]([O-])[O-],NIST_XML_SetB,C4H10N2O3,134.135,0,228.027596,C1CC[NH2+]C1.O=[N+]([O-])[O-]
"3-methylnonyl 1,2-benzenedioate",CC(C)CCCCCCCOC(=O)c1ccccc1C(=O)OCCCCCCCC(C)C,NIST_XML_SetB,C28H46O4,446.672,18,754.8595236,CC(C)CCCCCCCOC(=O)c1ccccc1C(=O)OCCCCCCCC(C)C
1-(tert-butyl)-4-(4-nitrophenoxy)benzene,CC(C)(C)c1ccc(Oc2ccc([N+](=O)[O-])cc2)cc1,NIST_XML_SetB,C16H17NO3,271.316,3,446.569635858,CC(C)(C)c1ccc(Oc2ccc([N+](=O)[O-])cc2)cc1
2-methyl-1-propanol,CC(C)CO,NIST_XML_SetB,C4H10O,74.123,1,181.9,CC(C)CO
1-decyl-3-methylimidazolium bis(trifluoromethylsulfonyl)amide,CCCCCCCCCCn1cc[n+](C)c1.O=S(=O)([N-]S(=O)(=O)C(F)(F)F)C(F)(F)F,NIST_XML_SetB,C16H27F6N3O4S2,503.531,11,754.8,CCCCCCCCCCn1cc[n+](C)c1.O=S(=O)([N-]S(=O)(=O)C(F)(F)F)C(F)(F)F
trihexyl(tetradecyl)phosphonium acetate,CC(=O)[O-].CCCCCCCCCCCCCC[P+](CCCCCC)(CCCCCC)CCCCCC,NIST_XML_SetB,C34H71O2P,542.914,28,1097.744004222,CC(=O)[O-].CCCCCCCCCCCCCC[P+](CCCCCC)(CCCCCC)CCCCCC
4-methylbiphenyl,Cc1ccc(-c2ccccc2)cc1,NIST_XML_SetB,C13H12,168.238999999999,1,289.67,Cc1ccc(-c2ccccc2)cc1
"1,2-butylene carbonate",CCC1COC(=O)O1,NIST_XML_SetB,C5H8O3,116.115999999999,1,195.0735696,CCC1COC(=O)O1
